"gameId","platformId","gameCreation","gameDuration","queueId","mapId","seasonId","gameVersion","gameMode","gameType","teamId","win","firstBlood","firstTower","firstInhibitor","firstBaron","firstDragon","firstRiftHerald","towerKills","inhibitorKills","baronKills","dragonKills","vilemawKills","riftHeraldKills","dominionVictoryScore","participantId","championId","spell1Id","spell2Id","highestAchievedSeasonTier","item0","item1","item2","item3","item4","item5","item6","kills","deaths","assists","largestKillingSpree","largestMultiKill","killingSprees","longestTimeSpentLiving","doubleKills","tripleKills","quadraKills","pentaKills","unrealKills","totalDamageDealt","magicDamageDealt","physicalDamageDealt","trueDamageDealt","largestCriticalStrike","totalDamageDealtToChampions","magicDamageDealtToChampions","physicalDamageDealtToChampions","trueDamageDealtToChampions","totalHeal","totalUnitsHealed","damageSelfMitigated","damageDealtToObjectives","damageDealtToTurrets","visionScore","timeCCingOthers","totalDamageTaken","magicalDamageTaken","physicalDamageTaken","trueDamageTaken","goldEarned","goldSpent","turretKills","totalMinionsKilled","neutralMinionsKilled","neutralMinionsKilledTeamJungle","neutralMinionsKilledEnemyJungle","totalTimeCrowdControlDealt","champLevel","visionWardsBoughtInGame","sightWardsBoughtInGame","wardsPlaced","wardsKilled","firstBloodKill","firstBloodAssist","firstTowerKill","firstTowerAssist","firstInhibitorKill","firstInhibitorAssist","combatPlayerScore","objectivePlayerScore","totalPlayerScore","totalScoreRank","playerScore0","playerScore1","playerScore2","playerScore3","playerScore4","playerScore5","playerScore6","playerScore7","playerScore8","playerScore9","perk0","perk0Var1","perk0Var2","perk0Var3","perk1","perk1Var1","perk1Var2","perk1Var3","perk2","perk2Var1","perk2Var2","perk2Var3","perk3","perk3Var1","perk3Var2","perk3Var3","perk4","perk4Var1","perk4Var2","perk4Var3","perk5","perk5Var1","perk5Var2","perk5Var3","perkPrimaryStyle","perkSubStyle","statPerk0","statPerk1","statPerk2","creepsPerMinDeltas_10-20","creepsPerMinDeltas_0-10","creepsPerMinDeltas_20-30","xpPerMinDeltas_10-20","xpPerMinDeltas_0-10","xpPerMinDeltas_20-30","goldPerMinDeltas_10-20","goldPerMinDeltas_0-10","goldPerMinDeltas_20-30","csDiffPerMinDeltas_10-20","csDiffPerMinDeltas_0-10","csDiffPerMinDeltas_20-30","xpDiffPerMinDeltas_10-20","xpDiffPerMinDeltas_0-10","xpDiffPerMinDeltas_20-30","damageTakenPerMinDeltas_10-20","damageTakenPerMinDeltas_0-10","damageTakenPerMinDeltas_20-30","damageTakenDiffPerMinDeltas_10-20","damageTakenDiffPerMinDeltas_0-10","damageTakenDiffPerMinDeltas_20-30","lane","role","creepsPerMinDeltas_30-end","xpPerMinDeltas_30-end","goldPerMinDeltas_30-end","damageTakenPerMinDeltas_30-end","csDiffPerMinDeltas_30-end","xpDiffPerMinDeltas_30-end","damageTakenDiffPerMinDeltas_30-end"
707996522,"LA1",1560060785604,1947,420,11,13,"9.11.275.6613","CLASSIC","MATCHED_GAME",200,false,true,false,false,false,true,false,1,0,0,1,0,0,0,10,412,4,7,"GOLD",2003,3107,3069,3111,3082,1029,3364,0,6,9,0,0,0,793,0,0,0,0,0,19532,15176,3853,503,0,7417,6428,988,0,1416,3,12679,3461,2752,40,34,19809,10350,6750,2709,6711,6150,0,8,0,0,0,121,13,2,0,22,0,false,false,false,false,false,false,0,0,0,0,0,0,0,0,0,0,0,0,0,0,8465,2024,0,0,8446,914,0,0,8473,974,0,0,8242,7,0,0,8304,12,0,0,8347,0,0,0,8400,8300,5008,5008,5002,0.1,0.1,0.6,283,238.1,420.1,218.3,144.3,215.1,-1.7,-0.9999999999999997,0,-117.45000000000002,-41.54999999999998,-52.95000000000002,408.4,339.7,1000.3,-19.349999999999966,89.85000000000002,39.950000000000045,"BOTTOM","DUO_SUPPORT",,,,,,,
660826760,"LA1",1549172109432,1581,420,11,13,"9.2.261.2172","CLASSIC","MATCHED_GAME",100,true,false,false,true,false,true,false,11,0,0,2,0,0,0,4,202,4,7,"GOLD",1055,3094,3095,3009,3031,0,3363,12,2,11,8,2,2,651,1,0,0,0,0,126987,9145,115508,2333,1365,22335,1346,20445,544,3261,2,5639,13193,10620,10,17,9806,1672,7369,764,12280,10400,1,156,8,4,0,182,14,0,0,4,1,false,false,false,false,false,true,0,0,0,0,0,0,0,0,0,0,0,0,0,0,8021,1576,0,0,9101,1286,1701,0,9104,12,50,0,8014,537,0,0,8233,12,50,0,8236,14,0,0,8000,8200,5005,5008,5001,6.1,6.6,,501.9,319.3,,459.7,305.4,,-0.9999999999999998,-0.1499999999999997,,91.50000000000003,15.800000000000026,,479.6,183.70000000000002,,-334.35,-100.05000000000003,,"BOTTOM","DUO_CARRY",,,,,,,
660830172,"LA1",1549169532070,1531,420,11,13,"9.2.261.2172","CLASSIC","MATCHED_GAME",200,false,false,false,false,false,false,false,0,0,0,0,0,0,0,10,113,4,11,"GOLD",1401,2031,3117,3083,1033,1029,3364,2,5,1,0,1,0,489,0,0,0,0,0,94841,36826,41693,16321,0,4316,2024,2040,252,6501,3,16864,2012,0,12,15,26543,9588,16042,912,7746,7225,0,21,86,78,0,461,11,1,0,5,2,false,false,false,false,,,0,0,0,0,0,0,0,0,0,0,0,0,0,0,8439,924,0,0,8463,212,0,0,8473,255,0,0,8453,587,0,0,8014,114,0,0,9104,0,0,0,8400,8000,5005,5008,5002,1.5,0.1,,389.70000000000005,321.3,,316,299,,-0.2,-0.7000000000000001,,-6.400000000000006,-30.099999999999994,,1028.3000000000002,690.7,,18.500000000000114,-26.599999999999966,,"JUNGLE","NONE",,,,,,,
660800576,"LA1",1549166154736,2438,420,11,13,"9.2.261.2172","CLASSIC","MATCHED_GAME",100,false,false,false,false,true,false,false,3,0,1,1,0,0,0,3,113,4,11,"GOLD",3143,3193,3117,3083,1401,1033,3364,5,10,26,2,1,1,691,0,0,0,0,0,134361,60178,68134,6048,0,20178,11559,7669,950,9160,5,62177,6594,0,19,48,66550,23570,29515,13463,12923,12325,0,36,93,86,0,711,17,1,0,6,5,false,false,false,false,false,false,0,0,0,0,0,0,0,0,0,0,0,0,0,0,8439,1193,0,0,8463,2914,0,0,8473,1498,0,0,8453,1078,282,0,8014,412,0,0,9104,18,20,0,8400,8000,5005,5008,5002,1.4,0.4,1.2999999999999998,374.6,290.9,499.5,248.39999999999998,262.5,439.1,,,,,,,1201.4,595.5,1786.3,,,,"JUNGLE","NONE",0.5,548.0999999999999,284.5,3059.5,,,
660773384,"LA1",1549163644596,1469,420,11,13,"9.2.261.2172","CLASSIC","MATCHED_GAME",200,true,true,true,true,true,false,true,9,0,1,1,0,1,0,10,113,4,11,"GOLD",2421,1031,1401,3083,3117,1057,3364,5,2,7,4,1,1,1131,0,0,0,0,0,105688,48502,50996,6189,0,9055,4315,4525,214,5810,5,15777,14098,1668,16,20,22777,8354,14015,407,9823,8595,1,44,80,55,12,478,13,1,0,5,5,false,false,false,false,false,false,0,0,0,0,0,0,0,0,0,0,0,0,0,0,8439,299,0,0,8463,855,0,0,8473,546,0,0,8453,544,0,0,8014,229,0,0,9104,15,10,0,8400,8000,5005,5008,5002,3,0.5,,492.4,299.9,,476.5,270.9,,1.2,0.30000000000000004,,119.60000000000002,2.2999999999999687,,895.2,612.8,,-29.800000000000068,50.20000000000002,,"JUNGLE","NONE",,,,,,,
660737917,"LA1",1549161722463,1144,420,11,13,"9.2.261.2172","CLASSIC","MATCHED_GAME",200,true,true,true,false,false,true,false,4,0,0,1,0,0,0,7,113,4,11,"GOLD",1401,2031,1028,3117,3082,3024,3364,4,1,5,3,1,1,968,0,0,0,0,0,74033,32107,36827,5098,0,4070,1851,1820,398,4098,3,8007,5046,1118,17,12,12337,1387,10532,416,7167,5925,0,25,72,53,4,571,11,1,0,3,4,false,false,false,true,,,0,0,0,0,0,0,0,0,0,0,0,0,0,0,8439,158,0,0,8463,206,0,0,8473,84,0,0,8453,364,13,0,8014,86,0,0,9104,15,30,0,8400,8000,5005,5008,5002,,0.2,,,296.2,,,248.20000000000002,,,0.45999999999999974,,,20.940000000000012,,,595,,,-50.58000000000003,,"NONE","DUO_SUPPORT",,,,,,,
660723224,"LA1",1549159767581,1532,420,11,13,"9.2.261.2172","CLASSIC","MATCHED_GAME",100,false,true,true,true,true,true,true,11,0,1,3,0,1,0,5,113,4,11,"GOLD",2031,2420,3117,3083,1033,1401,3364,3,7,8,3,1,1,516,0,0,0,0,0,82552,28760,49583,4209,0,9654,4475,4807,371,5241,5,16327,2179,0,10,28,25868,5979,17098,2790,7984,7450,0,48,62,51,4,353,12,0,0,5,2,false,false,false,false,false,false,0,0,0,0,0,0,0,0,0,0,0,0,0,0,8439,707,0,0,8463,1454,0,0,8473,330,0,0,8453,556,89,0,8014,185,0,0,9104,17,20,0,8400,8000,5005,5008,5002,2.0999999999999996,0.3,,436.2,264,,302.7,222.6,,-1.0000000000000002,0.09999999999999998,,-94.6,-87,,1001.0999999999999,693.6,,178.39999999999998,132.10000000000002,,"JUNGLE","NONE",,,,,,,
660704695,"LA1",1549157041935,2136,420,11,13,"9.2.261.2172","CLASSIC","MATCHED_GAME",200,true,false,false,false,true,false,false,8,0,1,1,0,0,0,9,59,4,11,"GOLD",1412,3143,3047,3110,0,0,3363,2,9,16,2,1,1,656,0,0,0,0,0,147487,13485,123664,10336,0,12918,1308,11381,228,6461,1,29607,3343,496,9,18,29069,6184,19050,3833,10785,10000,1,48,92,64,16,2398,16,1,0,5,0,false,false,false,false,false,false,0,0,0,0,0,0,0,0,0,0,0,0,0,0,8112,944,0,0,8143,263,0,0,8138,18,0,0,8105,14,5,0,9104,19,30,0,9111,675,360,0,8100,8000,5005,5008,5002,1.1,0.1,2,316.9,365.5,507.1,216.2,282,290.2,-0.7,0,1.3,-123.5,28.700000000000003,-60.099999999999966,926.1,666.3,857.0999999999999,-195.39999999999998,283.20000000000005,-455.1000000000001,"JUNGLE","NONE",3,701,377.4,652.4,2.4,266.4,-1367.8000000000002
657396599,"LA1",1548537796538,1866,420,11,13,"9.2.261.2172","CLASSIC","MATCHED_GAME",100,true,false,false,true,false,true,false,11,0,0,2,0,0,0,4,121,4,11,"GOLD",0,2421,3147,1400,3111,1031,3364,6,6,5,3,2,1,754,1,0,0,0,0,103317,8257,86864,8194,0,14639,1362,12959,318,11825,1,13700,2251,1370,16,9,27806,6223,20648,934,9832,8250,0,20,94,72,10,627,13,1,0,7,3,false,false,false,false,false,false,0,0,0,0,0,0,0,0,0,0,0,0,0,0,8112,1040,0,0,8139,703,0,0,8136,3,120,0,8135,2621,5,0,8237,185,0,0,8234,4286,0,0,8100,8200,5008,5008,5001,0.8,0.2,0.5,374.70000000000005,284,282,344.7,255.5,244.9,-0.7999999999999999,0.1,-2.0999999999999996,-61,17.29999999999997,-195.7,1076.5,671.2,881.5,-55.099999999999966,-51.30000000000001,-451.70000000000005,"JUNGLE","NONE",,,,,,,
657382202,"LA1",1548535621078,1616,420,11,13,"9.2.261.2172","CLASSIC","MATCHED_GAME",100,false,false,false,false,false,false,false,0,0,0,0,0,0,0,3,14,4,11,"GOLD",1054,3748,3075,2422,1029,0,3340,3,8,3,2,1,1,539,0,0,0,0,0,91789,20348,55976,15465,26,11883,3130,8752,0,717,1,25954,864,864,2,18,32203,9074,17596,5532,7619,7300,0,113,0,0,0,748,13,0,0,3,0,false,false,false,false,false,false,0,0,0,0,0,0,0,0,0,0,0,0,0,0,8437,797,730,0,8446,554,0,0,8429,62,17,10,8451,155,0,0,8352,45,225,0,8304,9,3,0,8400,8300,5008,5002,5001,5.1,4,,507.29999999999995,408.70000000000005,,350.1,214.9,,-2.4000000000000004,-2.6000000000000005,,-72.70000000000002,-24.900000000000006,,1310.5,402.3,,348.09999999999997,-71.1,,"TOP","SOLO",,,,,,,
657180433,"LA1",1548491451539,1301,420,11,13,"9.2.261.2172","CLASSIC","MATCHED_GAME",200,false,false,false,false,false,false,false,1,0,0,0,0,0,0,6,427,4,11,"GOLD",1039,2031,3117,3174,3504,3801,3364,2,5,5,2,2,1,525,1,0,0,0,0,275481,3609,1658,270214,0,3157,2115,846,195,2427,4,5941,694,694,9,28,8943,4368,4325,250,6986,6450,0,6,84,62,17,120,11,0,0,4,1,false,false,false,false,,,0,0,0,0,0,0,0,0,0,0,0,0,0,0,8214,271,439,0,8275,3,0,0,8234,5984,0,0,8232,1,40,0,8321,2,0,0,8347,0,0,0,8200,8300,5008,5008,5001,0.4,0.2,,352.2,344.1,,272,335.9,,-1.1,-0.8,,-5.5,3.8999999999999773,,718.5,175.8,,-198,-393.4,,"JUNGLE","NONE",,,,,,,
657158192,"LA1",1548488547492,2363,420,11,13,"9.2.261.2172","CLASSIC","MATCHED_GAME",100,false,true,true,false,false,false,true,4,0,1,1,0,1,0,1,516,4,12,"GOLD",3379,3387,3083,3111,1029,3076,3340,4,5,13,2,2,1,984,1,0,0,0,0,118783,51659,61996,5128,15,18822,12158,6663,0,4500,1,58952,12402,3251,10,47,37871,16262,19399,2209,12032,11475,0,145,0,0,0,757,16,1,0,7,1,false,false,false,true,false,false,0,0,0,0,0,0,0,0,0,0,0,0,0,0,8437,1280,958,0,8446,1745,0,0,8429,74,22,17,8451,222,0,0,8304,9,3,0,8352,90,450,0,8400,8300,5008,5002,5001,5.1,5.4,1.8,441.6,421,387.4,415.7,218.6,193.60000000000002,,,,,,,677.6,487.8,1090.1,,,,"TOP","SOLO",2.2,591.2,497.8,1551.4,,,
656301954,"LA1",1548310699124,2210,420,11,12,"9.1.257.7563","CLASSIC","MATCHED_GAME",200,false,false,true,false,false,true,false,4,0,0,1,0,0,0,10,412,4,3,"GOLD",3069,3109,3190,3117,3801,3114,3364,3,6,12,2,1,1,1169,0,0,0,0,0,17579,15064,2484,30,0,10585,9363,1222,0,2101,1,28960,1229,1229,56,42,26514,9179,14158,3177,9062,8500,0,10,0,0,0,126,13,2,0,21,6,false,false,false,false,false,false,0,0,0,0,0,0,0,0,0,0,0,0,0,0,8465,3554,0,0,8446,600,0,0,8429,72,15,13,8451,140,0,0,8304,9,0,0,8347,0,0,0,8400,8300,5007,5002,5001,0.5,0.2,0.30000000000000004,353.8,243,284.6,311.5,182.8,205.60000000000002,,,,,,,522.8,263.8,1043.4,,,,"BOTTOM","DUO_SUPPORT",0,463.8,263.6,1000,,,
652880062,"LA1",1547447692923,199,420,11,12,"9.1.257.7563","CLASSIC","MATCHED_GAME",100,false,true,false,false,false,false,false,0,0,0,0,0,0,0,5,516,4,12,"GOLD",0,0,0,0,0,0,0,0,0,0,0,0,0,0,0,0,0,0,0,0,0,0,0,0,0,0,0,0,0,0,0,0,0,0,0,0,0,0,0,682,0,0,0,0,0,0,0,1,0,0,0,0,false,false,,,,,0,0,0,0,0,0,0,0,0,0,0,0,0,0,8437,0,0,0,8446,0,0,0,8429,0,0,0,8451,0,0,0,8304,0,0,0,8352,0,0,0,8400,8300,5008,5002,5001,,,,,,,,,,,,,,,,,,,,,,"NONE","DUO",,,,,,,
652876691,"LA1",1547445631998,1465,420,11,12,"9.1.257.7563","CLASSIC","MATCHED_GAME",100,false,false,false,false,false,false,false,0,0,0,0,0,0,0,1,18,4,7,"GOLD",1055,3095,3006,3094,0,1042,3340,3,5,1,2,1,1,465,0,0,0,0,0,84424,20109,59720,4595,342,7422,1262,6159,0,2175,2,4434,2606,2052,10,1,12847,3357,8354,1134,7891,7600,0,148,4,4,0,18,12,0,0,6,0,false,false,false,false,false,false,0,0,0,0,0,0,0,0,0,0,0,0,0,0,8021,945,0,0,9111,169,80,0,9104,20,40,0,8014,109,0,0,8234,2799,0,0,8236,14,0,0,8000,8200,5005,5008,5001,6.4,6.6,,428.7,287.4,,322.70000000000005,269.9,,-1.55,-0.5999999999999996,,-61.64999999999998,-53.650000000000006,,562.1,348.1,,26.00000000000003,52.05000000000001,,"BOTTOM","DUO_CARRY",,,,,,,
652424256,"LA1",1547350459679,2049,420,11,12,"9.1.257.7563","CLASSIC","MATCHED_GAME",200,false,true,false,false,false,false,false,0,0,0,2,0,0,0,10,6,4,12,"GOLD",3800,3193,3082,3071,3111,3076,3363,4,11,6,0,1,0,556,0,0,0,0,0,157086,640,148030,8416,5,20331,257,19589,484,1795,1,56540,6285,0,6,16,37078,9566,26204,1307,11761,11525,0,185,8,3,0,315,16,1,0,3,1,false,false,false,false,false,false,0,0,0,0,0,0,0,0,0,0,0,0,0,0,8360,2,0,0,8304,10,0,0,8316,1047,0,0,8352,189,1062,629,8473,604,0,0,8401,737,0,0,8300,8400,5008,5008,5001,7,6,4.9,553.6,428.7,411.5,331,220.3,380.1,,,,,,,851.8,365.1,1486.3000000000002,,,,"TOP","SOLO",,,,,,,
652393973,"LA1",1547345379028,1144,420,11,12,"9.1.257.7563","CLASSIC","MATCHED_GAME",100,true,true,true,true,false,true,true,11,0,0,1,0,1,0,2,6,4,12,"GOLD",2403,2033,3071,3111,3024,0,3340,2,4,1,2,2,1,617,1,0,0,0,0,62277,33,60013,2231,0,8045,33,7805,205,744,1,8454,2767,2767,0,9,10977,5565,4978,432,6069,5200,0,106,0,0,0,118,11,0,0,0,0,false,false,false,false,false,false,0,0,0,0,0,0,0,0,0,0,0,0,0,0,8360,2,0,0,8304,10,0,0,8316,315,0,0,8352,147,750,389,8233,5,30,0,8236,4,0,0,8300,8200,5005,5008,5001,,5.9,,,461.1,,,219.1,,,-0.19999999999999996,,,79.35999999999999,,,341.4,,,2.0000000000000284,,"NONE","DUO_SUPPORT",,,,,,,
652369290,"LA1",1547342960374,1730,420,11,12,"9.1.257.7563","CLASSIC","MATCHED_GAME",200,true,true,true,true,true,true,true,11,1,1,3,0,1,0,8,516,4,12,"GOLD",3387,3083,3111,1028,1029,3076,3363,5,3,11,5,1,1,958,0,0,0,0,0,113995,40622,58992,14380,26,18567,11444,7122,0,2192,1,29361,11246,7214,11,41,25858,9543,13744,2570,10214,8725,0,131,8,4,4,670,16,1,0,4,1,false,false,false,false,false,true,0,0,0,0,0,0,0,0,0,0,0,0,0,0,8437,999,762,0,8446,3313,0,0,8429,65,22,12,8451,193,0,0,8304,9,0,0,8352,44,225,0,8400,8300,5008,5002,5001,6.199999999999999,4.699999999999999,,621.7,380.6,,363.3,226.7,,0.5,-4.440892098500626e-16,,209.4,-40.10000000000002,,521.6,455.8,,-439.5,-192.89999999999998,,"TOP","SOLO",,,,,,,
652374339,"LA1",1547340808971,1561,420,11,12,"9.1.257.7563","CLASSIC","MATCHED_GAME",100,true,false,true,true,true,true,true,8,0,1,3,0,1,0,4,516,4,12,"GOLD",3083,3111,3076,3387,1028,1029,3363,0,3,6,0,0,0,904,0,0,0,0,0,97845,37623,52908,7313,0,11253,6253,5000,0,497,1,19925,5162,5019,11,22,14297,4652,9113,532,9253,8600,2,180,8,0,4,485,15,0,0,6,1,false,false,true,false,false,true,0,0,0,0,0,0,0,0,0,0,0,0,0,0,8437,490,397,0,8446,2140,0,0,8429,61,22,12,8451,174,0,0,8304,10,0,0,8352,29,150,0,8400,8300,5008,5002,5001,7.5,8,,573.3,464,,394,264.6,,3.3,3.3,,131.9,38.900000000000034,,576.9,193.4,,-147,-114.4,,"TOP","SOLO",,,,,,,
652334998,"LA1",1547335629969,1322,420,11,12,"9.1.257.7563","CLASSIC","MATCHED_GAME",100,true,true,true,true,false,false,true,9,0,0,2,0,1,0,2,51,4,7,"GOLD",1055,2003,3095,3086,3006,1042,3363,1,2,5,0,1,0,597,0,0,0,0,0,71926,221,71162,542,677,10739,151,10389,198,225,1,2712,9738,9506,4,11,7529,1617,5461,450,7443,6200,5,132,4,4,0,78,11,0,0,2,1,false,false,false,false,false,true,0,0,0,0,0,0,0,0,0,0,0,0,0,0,8005,692,470,221,9111,83,120,0,9104,21,20,0,8014,119,0,0,8233,11,40,0,8236,14,0,0,8000,8200,5005,5008,5001,6.4,6,,358.79999999999995,295.20000000000005,,402,222.39999999999998,,-1.8,0.04999999999999982,,-67.9,-20.19999999999996,,326,347.70000000000005,,-170.35000000000002,-28.300000000000004,,"BOTTOM","DUO_CARRY",,,,,,,
652323829,"LA1",1547334816744,197,420,11,12,"9.1.257.7563","CLASSIC","MATCHED_GAME",200,false,false,false,false,false,false,false,0,0,0,0,0,0,0,10,18,4,7,"GOLD",1055,2003,0,0,0,0,3340,0,1,0,0,0,0,184,0,0,0,0,0,3288,812,2476,0,0,386,42,344,0,167,2,248,0,0,0,0,946,373,500,72,860,500,0,10,0,0,0,0,2,0,0,0,0,false,false,,,,,0,0,0,0,0,0,0,0,0,0,0,0,0,0,8005,65,36,28,9111,0,0,0,9104,0,0,0,8014,8,0,0,8233,0,0,0,8236,0,0,0,8000,8200,5005,5008,5001,,,,,,,,,,,,,,,,,,,,,,"NONE","DUO",,,,,,,
652319047,"LA1",1547332906962,1212,420,11,12,"9.1.257.7563","CLASSIC","MATCHED_GAME",200,true,false,true,true,false,true,true,9,0,0,2,0,1,0,7,22,4,7,"GOLD",1055,3026,3085,3006,0,0,3340,5,2,2,3,2,2,766,1,0,0,0,0,59954,933,58351,669,222,7425,735,6690,0,1062,2,2510,8080,6408,9,26,7296,1297,5637,361,7955,7350,3,112,4,0,0,1158,10,0,0,2,2,false,false,false,false,false,true,0,0,0,0,0,0,0,0,0,0,0,0,0,0,8021,396,0,0,9111,311,140,0,9104,16,40,0,8014,170,0,0,8234,3038,0,0,8236,14,0,0,8000,8200,5005,5008,5001,5.5,5.7,,405.9,302.1,,447.3,295.8,,,,,,,,369.1,360.5,,,,,"MIDDLE","DUO",,,,,,,
652317360,"LA1",1547331996396,197,420,11,12,"9.1.257.7563","CLASSIC","MATCHED_GAME",100,false,false,false,false,false,false,false,0,0,0,0,0,0,0,3,57,4,12,"GOLD",1054,2003,0,0,0,0,3340,0,0,0,0,0,0,0,0,0,0,0,0,4414,1427,1507,1480,0,409,170,239,0,86,1,323,0,0,0,0,865,0,760,104,916,500,0,13,0,0,0,34,3,0,0,0,0,,,,,,,0,0,0,0,0,0,0,0,0,0,0,0,0,0,8437,19,13,0,8446,0,0,0,8429,0,0,0,8451,6,0,0,8304,0,0,0,8352,0,0,0,8400,8300,5008,5002,5001,,,,,,,,,,,,,,,,,,,,,,"NONE","DUO",,,,,,,
651790329,"LA1",1547190216354,2087,420,11,12,"9.1.257.7563","CLASSIC","MATCHED_GAME",200,true,false,true,false,true,false,false,6,0,1,1,0,0,0,7,57,4,12,"GOLD",0,3068,3025,3065,3111,0,3363,4,7,14,2,1,1,528,0,0,0,0,0,158972,122639,28528,7805,0,18585,15049,3536,0,11370,1,38647,4770,2923,15,75,32000,8991,18379,4629,11594,9775,1,173,1,1,0,1005,17,1,0,7,2,false,false,false,false,false,false,0,0,0,0,0,0,0,0,0,0,0,0,0,0,8437,1224,934,0,8446,1514,0,0,8429,71,22,16,8451,213,0,0,8304,9,3,0,8352,213,1125,654,8400,8300,5008,5002,5001,5.2,5.699999999999999,4,404.2,444,430.79999999999995,272.9,246.1,334.7,-4.8999999999999995,-1.1999999999999997,0,-207.59999999999997,12.199999999999989,16.69999999999996,919.7,525.4,1148.3,89.29999999999995,160.5,-199.49999999999994,"TOP","SOLO",,,,,,,
651767606,"LA1",1547187550521,2054,420,11,12,"9.1.257.7563","CLASSIC","MATCHED_GAME",200,false,false,false,false,false,false,false,4,0,0,0,0,0,0,9,14,4,12,"GOLD",3111,3193,3110,3075,3082,0,3363,4,5,8,4,1,1,1016,0,0,0,0,0,113548,23240,86958,3350,32,11791,2986,8805,0,3424,1,55277,3573,2244,15,26,28380,7742,14466,6171,10800,10650,0,156,0,0,0,2458,15,0,0,7,0,false,false,false,false,false,false,0,0,0,0,0,0,0,0,0,0,0,0,0,0,8437,1023,759,0,8446,1240,0,0,8429,70,26,14,8451,184,0,0,8304,8,3,0,8352,89,450,0,8400,8300,5008,5002,5001,6.7,5.4,3,570.4,382.79999999999995,376.70000000000005,356.6,250.2,316.70000000000005,0.5,0.2999999999999998,-1.4999999999999998,45.19999999999999,-32.80000000000001,-0.09999999999999432,868.1,453.29999999999995,650.7,76.39999999999998,-5.900000000000006,-743.5,"TOP","SOLO",,,,,,,
651782540,"LA1",1547184206622,1587,420,11,12,"9.1.257.7563","CLASSIC","MATCHED_GAME",100,true,true,true,false,false,false,true,5,0,0,1,0,1,0,5,98,4,12,"GOLD",3068,3077,2003,1011,3111,3082,3363,2,8,3,0,1,0,390,0,0,0,0,0,69787,23954,40535,5296,0,5031,2180,2779,71,957,1,19303,5785,3585,4,18,19886,2503,14039,3344,8306,7725,0,117,0,0,0,216,14,0,0,4,0,false,false,false,false,false,false,0,0,0,0,0,0,0,0,0,0,0,0,0,0,8437,388,279,0,8446,1223,0,0,8429,62,17,12,8451,148,0,0,8304,10,0,0,8352,45,225,0,8400,8300,5008,5008,5001,3.5,5.4,,438.9,363.4,,321,216.10000000000002,,,,,,,,741.8,504.90000000000003,,,,,"TOP","SOLO",,,,,,,
649558630,"LA1",1546664517300,2174,420,11,12,"8.24.255.8524","CLASSIC","MATCHED_GAME",200,false,false,false,false,false,true,true,7,0,0,3,0,1,0,9,36,4,12,"GOLD",3068,3065,3111,3075,1011,3067,3363,4,7,8,4,1,1,803,0,0,0,0,0,137618,99857,34685,3075,31,26065,21132,4933,0,9519,1,62205,6737,6737,13,20,48004,21151,23414,3438,12108,12000,1,180,6,0,2,500,16,0,0,7,1,false,false,false,false,false,false,0,0,0,0,0,0,0,0,0,0,0,0,0,0,8437,1653,1290,0,8446,2975,0,0,8429,72,20,14,8451,229,0,0,8304,10,0,0,8352,104,525,0,8400,8300,5008,5002,5001,6.699999999999999,6,4,582.3,431.6,392.4,402.5,231.70000000000002,396.6,-0.10000000000000009,0.5,0.5999999999999999,90.80000000000001,4.300000000000011,19.5,930.8,364.3,1946.3,193.59999999999997,22.800000000000026,713.9,"TOP","SOLO",2.2,339.8,224.4,2310.8,-3.5999999999999996,-268.99999999999994,1143.6000000000001
649540551,"LA1",1546660141126,2269,420,11,12,"8.24.255.8524","CLASSIC","MATCHED_GAME",100,false,false,false,false,false,true,true,4,0,0,2,0,1,0,2,516,4,12,"GOLD",1054,3025,3083,3111,3379,0,3363,5,7,12,2,1,1,564,0,0,0,0,0,114679,47855,66179,644,0,20699,14045,6458,196,2531,1,70777,2503,2290,3,53,39704,8992,27054,3657,11731,11100,1,149,1,0,1,901,17,0,0,2,1,false,false,false,false,false,false,0,0,0,0,0,0,0,0,0,0,0,0,0,0,8437,1240,1194,0,8446,1274,0,0,8429,73,14,16,8451,229,0,0,8304,9,3,0,8352,87,450,0,8400,8300,5008,5002,5001,5.199999999999999,4.699999999999999,3.5,453.5,399.1,575.5,295.29999999999995,222.7,367.8,,,,,,,602.2,468.4,1177.6,,,,"TOP","DUO",2.2,393.2,391.6,1632.8,,,
649513166,"LA1",1546656750063,1662,420,11,12,"8.24.255.8524","CLASSIC","MATCHED_GAME",100,false,true,true,true,true,true,true,11,0,1,3,0,1,0,5,98,4,12,"GOLD",3068,3077,3047,3076,3082,0,3363,1,8,10,0,1,0,641,0,0,0,0,0,80044,37420,38574,4050,14,10905,6208,4696,0,1783,1,34353,830,830,6,17,25404,6932,14786,3684,7828,7875,0,145,0,0,0,213,14,0,0,3,1,false,false,false,false,false,false,0,0,0,0,0,0,0,0,0,0,0,0,0,0,8437,1146,871,0,8446,557,0,0,8429,63,20,11,8451,142,0,0,8304,9,3,0,8352,107,600,0,8400,8300,5008,5003,5003,5.2,6.1,,464.8,427.3,,318.7,231.5,,-2.5,-2.3999999999999995,,-5.199999999999989,-80.39999999999998,,907.8,476.1,,1,145.60000000000002,,"TOP","SOLO",,,,,,,
647572525,"LA1",1546152203451,953,420,11,12,"8.24.255.8524","CLASSIC","MATCHED_GAME",100,false,true,false,false,false,false,false,0,0,0,0,0,0,0,2,98,4,12,"GOLD",1054,2003,2422,0,0,0,3340,0,0,0,0,0,0,0,0,0,0,0,0,0,0,0,0,0,0,0,0,0,0,0,0,0,0,0,0,0,0,0,0,2221,500,0,0,0,0,0,0,3,0,0,0,0,false,false,false,false,,,0,0,0,0,0,0,0,0,0,0,0,0,0,0,8437,0,0,0,8446,0,0,0,8429,37,10,11,8451,6,0,0,8304,10,0,0,8352,0,0,0,8400,8300,5008,5003,5003,,0,,,76.5,,,100,,,-1.6799999999999997,,,-90.36000000000004,,,0,,,-90.89999999999996,,"NONE","DUO_SUPPORT",,,,,,,
647310227,"LA1",1546118599521,1192,420,11,12,"8.24.255.8524","CLASSIC","MATCHED_GAME",100,false,false,false,false,false,false,false,0,0,0,0,0,0,0,2,59,4,11,"GOLD",1400,2031,3111,1011,0,0,3340,2,4,0,0,1,0,569,0,0,0,0,0,63193,9682,48279,5232,0,3756,658,2873,224,4922,1,9340,3212,0,15,8,15586,2955,12583,48,5576,4950,0,2,71,44,13,470,9,1,0,7,1,false,false,false,false,false,false,0,0,0,0,0,0,0,0,0,0,0,0,0,0,8112,341,0,0,8139,261,0,0,8136,1,39,0,8135,671,2,0,8237,80,0,0,8234,1833,0,0,8100,8200,5008,5008,5001,,0.1,,,264.7,,,255.4,,,-0.5399999999999996,,,-39.380000000000024,,,587.3,,,20.959999999999965,,"NONE","DUO_SUPPORT",,,,,,,
647268373,"LA1",1546116225135,1757,420,11,12,"8.24.255.8524","CLASSIC","MATCHED_GAME",200,true,false,false,false,true,false,false,5,0,1,2,0,0,0,8,516,4,12,"GOLD",3379,3025,3111,1054,1011,1028,3364,6,0,9,6,2,1,0,2,0,0,0,0,111483,50285,56115,5083,0,15003,9405,5346,252,3520,1,37791,4628,3328,2,33,20321,9606,10296,417,10601,9825,0,163,0,0,0,584,16,1,0,1,0,false,false,false,false,,,0,0,0,0,0,0,0,0,0,0,0,0,0,0,8437,789,603,0,8446,1866,0,0,8429,65,16,17,8451,200,0,0,8304,10,0,0,8352,120,600,0,8400,8300,5008,5003,5003,7.2,5.7,,610.5,421.5,,319.9,219.9,,0.6000000000000001,-1.5999999999999996,,153.5,-54.30000000000001,,668.9,423.7,,47.39999999999998,188.2,,"TOP","SOLO",,,,,,,
647282276,"LA1",1546114059505,1595,420,11,12,"8.24.255.8524","CLASSIC","MATCHED_GAME",200,true,true,true,true,true,true,false,10,1,1,3,0,0,0,7,150,4,12,"GOLD",3022,2055,3111,3071,1011,0,3340,4,2,3,3,1,1,861,0,0,0,0,0,107039,9453,95091,2495,0,17079,3849,13230,0,5933,1,14492,7369,4687,22,27,21351,5400,15664,287,9607,8850,1,163,0,0,0,534,15,2,0,7,3,true,false,false,false,false,false,0,0,0,0,0,0,0,0,0,0,0,0,0,0,8437,1194,866,0,8446,1099,0,0,8429,62,14,12,8451,188,0,0,8304,9,3,0,8352,60,300,0,8400,8300,5005,5002,5002,5.8,7.1,,542.2,456,,360.29999999999995,276.4,,,,,,,,1018.7,260.1,,,,,"TOP","DUO",,,,,,,
646763868,"LA1",1545980780807,1778,420,11,12,"8.24.255.8524","CLASSIC","MATCHED_GAME",200,false,false,true,false,false,false,false,3,0,0,1,0,0,0,9,72,4,11,"GOLD",1401,2031,3111,3025,3211,1033,3364,3,5,4,2,1,1,879,0,0,0,0,0,113480,52250,56526,4704,0,6999,2358,3641,999,6399,1,31369,6824,170,10,37,25034,9178,15321,533,8918,8175,0,18,103,81,4,723,13,1,0,4,1,false,false,false,false,false,false,0,0,0,0,0,0,0,0,0,0,0,0,0,0,8124,0,0,0,8126,496,0,0,8120,0,8,0,8134,19,4,0,8234,5830,0,0,8232,3,40,0,8100,8200,5008,5008,5002,0.8,0.1,,589.2,243.3,,383.70000000000005,219.7,,0.2,-0.4,,204.7,-57.000000000000014,,819.0999999999999,608.3,,-62.200000000000045,20,,"JUNGLE","NONE",,,,,,,
646761308,"LA1",1545978477537,1678,420,11,12,"8.24.255.8524","CLASSIC","MATCHED_GAME",200,true,true,true,true,true,true,true,10,0,1,3,0,1,0,7,14,4,12,"GOLD",3025,1011,3068,3067,3801,3111,3363,4,4,12,2,1,1,939,0,0,0,0,0,94313,21107,69005,4200,0,16854,4242,11817,795,4283,1,36929,3037,3037,6,39,31276,19563,10754,957,10119,9925,1,134,4,0,4,826,14,1,0,2,2,false,false,false,false,false,true,0,0,0,0,0,0,0,0,0,0,0,0,0,0,8437,1025,931,0,8446,1670,0,0,8429,64,19,12,8451,185,0,0,8304,9,3,0,8352,165,825,0,8400,8300,5008,5008,5002,5.6,7.1000000000000005,,490,443.79999999999995,,396.4,257.4,,,,,,,,1078.9,358.1,,,,,"TOP","SOLO",,,,,,,
646746519,"LA1",1545975899514,2027,420,11,12,"8.24.255.8524","CLASSIC","MATCHED_GAME",200,true,true,false,false,true,true,false,8,1,1,2,0,0,0,7,516,4,12,"GOLD",3025,3075,3083,3111,1057,0,3363,4,5,13,0,1,0,1216,0,0,0,0,0,108779,51475,54666,2637,23,19758,12386,7340,32,991,1,52667,6417,4097,21,41,26600,6559,17332,2708,11449,10870,2,155,4,4,0,657,17,2,0,7,4,false,false,false,false,false,false,0,0,0,0,0,0,0,0,0,0,0,0,0,0,8437,1275,912,0,8446,1542,0,0,8429,70,21,14,8451,201,0,0,8304,10,0,0,8352,60,300,0,8400,8300,5008,5002,5002,5.8,7.6,1.6,448.1,494.2,378.7,342.8,252.7,326.20000000000005,-0.6000000000000005,0.20000000000000062,-2.3,-44.79999999999998,56,-63.70000000000002,535.8,239.60000000000002,1389.9,-143.5,-75.6,387.30000000000007,"TOP","SOLO",,,,,,,
646751971,"LA1",1545973850194,1476,420,11,12,"8.24.255.8524","CLASSIC","MATCHED_GAME",200,true,true,true,true,false,true,false,10,0,0,3,0,0,0,10,201,4,3,"GOLD",3401,3107,3109,0,3117,1029,3364,3,1,20,3,1,1,197,0,0,0,0,0,29405,7837,11498,10069,0,6878,5121,1676,80,7298,7,19007,5720,5262,16,34,17441,6145,10564,731,9131,7225,1,43,0,0,0,145,12,1,0,8,1,false,false,false,true,false,true,0,0,0,0,0,0,0,0,0,0,0,0,0,0,8465,2416,0,0,8446,2756,0,0,8429,59,16,10,8451,136,0,0,8304,8,0,0,8347,0,0,0,8400,8300,5007,5002,5001,2.2,1.4,,412.9,285.9,,430.5,268.70000000000005,,0.9500000000000002,0.09999999999999987,,58.85000000000002,29.750000000000014,,917.7,371.5,,158.64999999999992,-26.450000000000003,,"BOTTOM","DUO_SUPPORT",,,,,,,
646367644,"LA1",1545884549675,1854,420,11,12,"8.24.255.8524","CLASSIC","MATCHED_GAME",200,false,true,true,false,false,false,false,5,0,0,1,0,0,0,8,98,4,12,"GOLD",3075,3068,3211,3111,3067,0,3340,3,3,7,2,1,1,935,0,0,0,0,0,101152,52959,41877,6315,24,6869,3458,3411,0,3433,1,38558,2935,2935,10,22,25504,11947,11030,2526,9895,10300,1,170,0,0,0,381,15,0,0,6,0,false,false,false,false,false,false,0,0,0,0,0,0,0,0,0,0,0,0,0,0,8437,691,467,0,8446,1662,0,0,8429,67,20,13,8451,188,0,0,8304,9,0,0,8352,135,675,0,8400,8300,5008,5002,5002,6.2,4.699999999999999,6.1,470.2,452.4,500.9,278.20000000000005,257.79999999999995,392.5,,,,,,,1015.8,454.5,975.6,,,,"TOP","SOLO",,,,,,,
646362748,"LA1",1545882261823,1752,420,11,12,"8.24.255.8524","CLASSIC","MATCHED_GAME",200,true,false,true,true,false,true,true,10,0,0,2,0,1,0,10,14,4,12,"GOLD",3111,3025,3068,3211,1033,1006,3363,2,8,15,0,1,0,698,0,0,0,0,0,81100,19016,57040,5043,0,16516,4690,11345,480,802,1,37943,8087,4906,7,41,28538,12200,14733,1604,9617,8975,1,110,0,0,0,629,14,1,0,4,1,false,false,false,false,false,true,0,0,0,0,0,0,0,0,0,0,0,0,0,0,8437,1044,839,0,8446,1731,0,0,8429,65,19,14,8451,168,0,0,8304,9,0,0,8352,75,375,0,8400,8300,5008,5002,5002,4.9,5.4,,477.29999999999995,427.1,,477,210.8,,2,1.1000000000000003,,66.1,49.20000000000002,,1174.7,351,,55.80000000000001,70.79999999999998,,"TOP","SOLO",,,,,,,
646297303,"LA1",1545879799033,1707,420,11,12,"8.24.255.8524","CLASSIC","MATCHED_GAME",100,true,false,true,true,true,true,false,10,0,1,3,0,0,0,4,516,4,12,"GOLD",1028,3025,3379,3111,1028,0,3340,6,1,17,6,1,1,196,0,0,0,0,0,82018,37840,34543,9634,0,10604,5612,4902,90,1910,1,37724,4917,1840,10,35,18114,8780,8970,364,9524,8950,1,111,0,0,0,481,15,0,0,5,1,false,false,false,false,false,true,0,0,0,0,0,0,0,0,0,0,0,0,0,0,8437,822,695,0,8446,978,0,0,8429,64,16,16,8451,166,0,0,8304,9,0,0,8352,60,300,0,8400,8300,5007,5002,5002,4.9,3.5999999999999996,,516.3,407.9,,368.1,217.3,,-1.7000000000000002,-3.2,,41.29999999999998,-30.400000000000006,,633.1,406.1,,-0.8999999999999773,130.6,,"TOP","SOLO",,,,,,,
646197138,"LA1",1545865307414,1918,420,11,12,"8.24.255.8524","CLASSIC","MATCHED_GAME",200,true,true,true,true,true,true,false,10,1,1,4,0,0,0,9,98,4,12,"GOLD",3143,3748,3111,3068,0,0,3363,2,3,6,0,1,0,923,0,0,0,0,0,150109,50455,95572,4082,0,12473,5636,6805,32,1829,1,31846,14429,8353,10,16,20728,3617,15590,1520,11449,10775,2,200,4,1,0,271,16,1,0,7,0,false,false,false,false,true,false,0,0,0,0,0,0,0,0,0,0,0,0,0,0,8437,1246,907,0,8446,3072,0,0,8429,68,19,12,8451,202,0,0,8304,9,0,0,8352,45,225,0,8400,8300,5008,5008,5002,6.6,7.4,4.9,495.20000000000005,517.1,452.7,367,291.5,360.8,-1.9,0.10000000000000009,-1.7999999999999998,-164.39999999999998,126.70000000000002,-52.70000000000002,496.7,267.7,957,-117.4,35.29999999999998,91.09999999999997,"TOP","SOLO",,,,,,,
646155585,"LA1",1545858584091,1646,420,11,12,"8.24.255.8524","CLASSIC","MATCHED_GAME",200,true,true,false,true,true,true,false,10,1,1,3,0,0,0,9,98,4,12,"GOLD",2003,3748,3068,3111,3211,3067,3363,4,3,17,2,1,1,480,0,0,0,0,0,115169,40213,72488,2467,0,13286,5435,7850,0,2576,1,26215,13413,8405,8,21,17789,3347,14034,408,11083,9950,0,164,4,0,0,161,16,0,0,5,0,false,false,false,false,false,true,0,0,0,0,0,0,0,0,0,0,0,0,0,0,8437,1173,840,0,8446,3498,0,0,8429,63,16,13,8451,200,0,0,8304,9,3,0,8352,75,375,0,8400,8300,5008,5008,5002,6.4,6.5,,584.1,459,,455.6,269.4,,-0.3999999999999999,0.7999999999999998,,35.400000000000034,64.30000000000001,,739.5,367.1,,312.20000000000005,70.39999999999998,,"TOP","SOLO",,,,,,,
646151121,"LA1",1545856184565,1875,420,11,12,"8.24.255.8524","CLASSIC","MATCHED_GAME",200,true,false,false,true,true,false,true,7,0,1,2,0,1,0,7,14,4,12,"GOLD",2055,3068,3025,1054,3111,3194,3340,5,5,14,3,1,1,872,0,0,0,0,0,105656,29644,75413,598,0,17808,5858,11771,177,3298,1,46742,7583,3522,10,44,28434,9441,18308,685,11240,10250,2,152,8,0,0,864,16,2,0,5,1,false,false,false,false,false,true,0,0,0,0,0,0,0,0,0,0,0,0,0,0,8437,1445,1215,0,8446,1679,0,0,8429,68,19,14,8451,211,0,0,8304,10,0,0,8352,135,675,0,8400,8300,5008,5008,5002,7.3,4.8,2.9,653.8,369.4,459.6,417.1,191,393.40000000000003,0.5,-1.0000000000000004,-1.3000000000000003,214.70000000000002,-112.30000000000004,-1.4999999999999716,753,562.6,1151.4,157.9,309.8,97.20000000000005,"TOP","SOLO",,,,,,,
636354217,"LA1",1543650236174,2171,420,11,12,"8.23.254.717","CLASSIC","MATCHED_GAME",100,true,false,true,true,false,true,true,10,1,1,2,0,1,0,4,58,4,12,"GOLD",3053,3748,3065,3071,3111,0,3363,8,5,12,4,2,2,893,1,0,0,0,0,177489,8812,156621,12055,0,32955,3172,29647,136,13841,1,36732,8323,7190,28,39,46612,9120,33122,4369,15464,14875,1,207,16,8,4,128,17,1,0,10,3,false,false,false,false,false,true,0,0,0,0,0,0,0,0,0,0,0,0,0,0,8005,4199,2286,1913,9111,2672,400,0,9104,16,40,0,8014,468,0,0,8473,601,0,0,8453,1049,300,0,8000,8400,5005,5002,5002,7.199999999999999,6,5.6,481.79999999999995,442,590.3,387.8,338,536.6,3.4,1.5,3.1,67.99999999999997,125.89999999999999,144.6,1120.8,512.5,1578.6,7.599999999999966,-1.5000000000000284,239.20000000000005,"TOP","SOLO",2,385.2,309.2,1897,-4.2,-372.00000000000006,1280.4
631767894,"LA1",1542592451418,204,420,11,12,"8.22.253.4332","CLASSIC","MATCHED_GAME",200,true,false,false,false,false,false,false,0,0,0,0,0,0,0,9,412,4,3,"GOLD",3301,2003,0,0,0,0,3340,0,0,0,0,0,0,0,0,0,0,0,0,1106,874,231,0,0,354,180,174,0,0,0,42,0,0,0,1,69,9,59,0,832,500,0,1,0,0,0,19,3,0,0,0,0,false,false,,,,,0,0,0,0,0,0,0,0,0,0,0,0,0,0,8465,0,0,0,8473,16,0,0,8429,0,0,0,8451,3,0,0,8304,0,0,0,8347,0,0,0,8400,8300,,,,,,,,,,,,,,,,,,,,,,,,,"NONE","DUO",,,,,,,
631752294,"LA1",1542589463630,2133,420,11,12,"8.22.253.4332","CLASSIC","MATCHED_GAME",200,false,false,false,false,false,true,false,5,0,0,1,0,0,0,6,202,4,7,"GOLD",3026,3095,3009,3094,3031,0,3363,14,6,6,8,2,3,891,1,0,0,0,0,149135,15624,132281,1229,1162,27371,3517,22754,1099,5796,4,7245,5447,5447,12,26,19263,5448,12576,1239,15092,13250,2,182,4,4,0,273,16,0,0,5,2,false,false,false,false,false,false,0,0,0,0,0,0,0,0,0,0,0,0,0,0,8021,1674,0,0,9111,766,400,0,9104,15,40,0,8014,607,0,0,8234,29,0,0,8236,28,0,0,8000,8200,,,,6,6.1,4.9,486.2,324.4,442.7,416.4,287.79999999999995,492.90000000000003,0.8999999999999999,0.25,1.8999999999999997,34.099999999999966,23.5,-71.85000000000002,443.2,346.20000000000005,530.4,-53.25000000000006,102.8,-345.6,"BOTTOM","DUO_CARRY",2.4,538.8,511,1213,0.5999999999999996,-80.69999999999999,324.20000000000005
626336825,"LA1",1541396421086,2262,420,11,11,"8.21.251.4430","CLASSIC","MATCHED_GAME",100,true,false,true,true,false,true,false,10,0,0,2,0,0,0,3,51,4,7,"GOLD",3095,3026,3006,3085,3031,3094,3363,13,8,8,6,2,3,741,1,0,0,0,0,214343,1622,191731,20989,1432,27413,823,24027,2562,6358,2,11656,14678,8723,22,13,25572,15660,9679,232,17705,16700,2,236,16,4,4,297,17,0,0,6,4,false,false,false,true,false,false,0,0,0,0,0,0,0,0,0,0,0,0,0,0,8021,2343,0,0,9111,962,420,0,9104,11,0,0,8014,444,0,0,8233,21,30,0,8237,182,0,0,8000,8200,,,,6.7,7.4,6.2,548.7,346.70000000000005,497.79999999999995,570.3,346.4,422.7,-0.8999999999999999,1.3,-1.9000000000000001,151.25000000000003,41.7,-339.6500000000001,585,275.7,832.1999999999999,-9.349999999999937,-35.05000000000001,64,"BOTTOM","DUO_CARRY",5.2,359,477.2,1136.6,-2.3,-108.69999999999999,-16.100000000000136
626342829,"LA1",1541394462885,1405,420,11,11,"8.21.251.4430","CLASSIC","MATCHED_GAME",200,false,false,false,false,false,false,false,0,0,0,0,0,0,0,10,222,4,7,"GOLD",3095,1055,3006,2015,3086,1036,3363,3,5,3,3,2,1,515,1,0,0,0,0,54910,600,54310,0,419,4798,90,4707,0,870,1,3402,250,0,3,5,10927,5719,5200,8,7338,7300,0,137,0,0,0,41,11,0,0,2,1,false,false,false,false,,,0,0,0,0,0,0,0,0,0,0,0,0,0,0,8008,0,50,0,9101,166,379,0,9103,16,30,0,8014,68,0,0,8233,13,40,0,8236,14,0,0,8000,8200,,,,7.1,4.7,,509.70000000000005,225.89999999999998,,382,204.3,,-0.20000000000000018,-0.44999999999999996,,46.849999999999994,-76.25000000000004,,496.40000000000003,358.6,,-20.99999999999997,82.35,,"BOTTOM","DUO_CARRY",,,,,,,
625396011,"LA1",1541239799067,2509,420,11,11,"8.21.251.4430","CLASSIC","MATCHED_GAME",200,true,true,false,true,true,false,false,10,0,1,3,0,0,0,10,24,4,11,"GOLD",3143,2031,3078,1416,3211,1028,3364,1,6,8,0,1,0,858,0,0,0,0,0,201742,37287,149182,15273,0,13489,3094,9265,1130,10670,1,26442,9508,2727,33,19,37176,12763,23141,1271,13133,11083,0,37,174,140,16,981,18,1,0,5,9,false,false,false,false,false,true,0,0,0,0,0,0,0,0,0,0,0,0,0,0,8005,1314,996,317,9111,511,180,0,9104,23,10,0,8014,182,0,0,8143,306,0,0,8105,11,4,0,8000,8100,,,,0.6,1,1.1,422.5,322.2,487.5,262.1,255.1,310.6,-3.2,0.8,-2,-90.99999999999997,5.8999999999999915,101.20000000000002,577.5,717.0999999999999,886.1,-314.7,-14.500000000000057,-330.69999999999993,"JUNGLE","NONE",0.6,523.7,333.4,1048,-1.5,164.6,-165.49999999999991
625404903,"LA1",1541239057168,207,420,11,11,"8.21.251.4430","CLASSIC","MATCHED_GAME",200,true,false,false,false,false,false,false,0,0,0,0,0,0,0,6,164,4,11,"GOLD",1041,0,0,0,0,0,3340,0,0,0,0,0,0,0,0,0,0,0,0,7811,0,6454,1356,0,0,0,0,0,646,1,762,0,0,0,0,2008,0,2008,0,1090,500,0,0,15,15,0,141,3,0,0,0,0,false,false,,,,,0,0,0,0,0,0,0,0,0,0,0,0,0,0,8005,0,0,0,9111,0,0,0,9104,0,0,0,8014,0,0,0,8143,0,0,0,8105,2,0,0,8000,8100,,,,,,,,,,,,,,,,,,,,,,,,,"NONE","DUO",,,,,,,
623112469,"LA1",1540709320128,1790,420,11,11,"8.21.250.9462","CLASSIC","MATCHED_GAME",100,false,true,false,false,true,true,true,3,0,1,1,0,1,0,1,43,4,3,"GOLD",3092,3190,3082,3117,3916,3024,3364,3,9,13,0,1,0,762,0,0,0,0,0,28218,22805,5413,0,0,9631,7996,1635,0,346,1,13737,1635,708,40,27,20269,8429,9951,1888,9079,8500,1,24,0,0,0,237,13,0,0,17,4,false,false,false,false,false,false,0,0,0,0,0,0,0,0,0,0,0,0,0,0,8214,678,340,0,8226,250,318,0,8210,0,0,0,8236,24,0,0,8345,4,0,0,8347,0,0,0,8200,8300,,,,0.4,0.8,,159.3,296.7,,190.1,228.7,,0.09999999999999987,1.1500000000000001,,-118.19999999999999,22,,664.8,204.7,,286.65,-23.00000000000003,,"BOTTOM","DUO_SUPPORT",,,,,,,
623098343,"LA1",1540706801549,1941,420,11,11,"8.21.250.9462","CLASSIC","MATCHED_GAME",100,false,false,true,true,true,true,true,11,0,1,4,0,1,0,5,44,4,3,"GOLD",3401,3111,3110,3190,0,0,3364,0,7,22,0,0,0,655,0,0,0,0,0,26217,11398,7946,6872,0,6188,4017,2171,0,9596,5,28758,0,0,27,31,25348,17415,6100,1832,8059,7725,0,48,4,4,0,830,14,1,0,11,2,false,false,false,false,false,false,0,0,0,0,0,0,0,0,0,0,0,0,0,0,8465,3488,0,0,8473,616,0,0,8429,69,22,14,8451,142,0,0,8304,9,0,0,8347,0,0,0,8400,8300,,,,1.6,0.8,1.7000000000000002,407.8,202.79999999999998,410.6,262.9,151.3,257,,,,,,,920.1999999999999,356.8,762.1999999999999,,,,"BOTTOM","SOLO",,,,,,,
622803703,"LA1",1540662953009,1390,420,11,11,"8.21.250.9462","CLASSIC","MATCHED_GAME",200,false,false,false,false,false,false,false,0,0,0,0,0,0,0,6,98,4,3,"GOLD",3096,3109,3117,0,0,0,3340,1,7,3,0,1,0,523,0,0,0,0,0,8005,1340,4105,2559,0,3742,1119,2622,0,51,1,16395,2726,0,5,20,17469,6771,9306,1391,4703,4125,0,4,0,0,0,101,10,1,0,3,1,false,false,false,false,false,false,0,0,0,0,0,0,0,0,0,0,0,0,0,0,8465,1528,0,0,8473,311,0,0,8429,56,14,10,8451,70,0,0,8304,9,3,0,8347,0,0,0,8400,8300,,,,0.2,0.2,,247.60000000000002,274.4,,181.89999999999998,187.4,,-1.9000000000000001,-1.3,,-163.10000000000002,-40.09999999999998,,1133.3,223.20000000000002,,487.4,15.799999999999983,,"BOTTOM","DUO_SUPPORT",,,,,,,
622709609,"LA1",1540660075615,1980,420,11,11,"8.21.250.9462","CLASSIC","MATCHED_GAME",200,false,true,true,false,false,false,false,3,0,0,1,0,0,0,9,412,4,3,"GOLD",3069,3107,3190,3109,0,3117,3364,3,8,14,0,1,0,526,0,0,0,0,0,19125,16051,2619,454,0,11847,9736,1656,454,2349,3,22938,956,397,69,54,22575,12595,8016,1964,9334,8825,0,17,0,0,0,154,13,1,0,23,10,false,false,false,false,false,false,0,0,0,0,0,0,0,0,0,0,0,0,0,0,8465,2712,0,0,8473,487,0,0,8429,69,18,13,8451,165,0,0,8304,8,3,0,8347,0,0,0,8400,8300,,,,0.6,0.1,0.6,268.3,274,449.9,328.70000000000005,213.8,253.1,1.7999999999999998,0.9499999999999997,-1.3500000000000003,12.150000000000034,9.549999999999969,-140.7,754.3,287.6,870.4,162.34999999999997,16.89999999999999,14.449999999999875,"BOTTOM","DUO_SUPPORT",,,,,,,
622316802,"LA1",1540534625631,1415,420,11,11,"8.21.250.9462","CLASSIC","MATCHED_GAME",100,true,true,true,true,false,true,true,10,0,0,2,0,1,0,1,412,4,3,"GOLD",3069,3109,3117,3105,0,0,3340,0,1,16,0,0,0,1409,0,0,0,0,0,16373,13483,2889,0,0,10421,8733,1687,0,1160,1,11229,2107,1266,19,42,12340,6329,5016,995,7230,5675,0,4,0,0,0,104,12,1,0,7,1,false,false,false,false,false,true,0,0,0,0,0,0,0,0,0,0,0,0,0,0,8465,1035,0,0,8473,351,0,0,8429,57,18,12,8451,130,0,0,8304,9,0,0,8347,0,0,0,8400,8300,,,,0.1,0.1,,474.6,333.8,,361.4,194,,1.65,-0.10000000000000009,,186.75,54.849999999999994,,684.1,204.2,,-134.54999999999993,-71.10000000000001,,"BOTTOM","DUO_SUPPORT",,,,,,,
622314644,"LA1",1540532646524,1560,420,11,11,"8.21.250.9462","CLASSIC","MATCHED_GAME",200,false,false,false,false,false,false,false,3,0,0,0,0,0,0,8,12,4,3,"GOLD",3097,3190,1028,3111,0,1029,3364,1,9,2,0,1,0,382,0,0,0,0,0,16796,9892,4175,2728,0,3355,2617,677,60,3065,4,23608,55,0,19,22,20782,7931,10808,2042,5296,4825,0,23,0,0,0,80,11,1,0,10,2,false,false,false,false,false,false,0,0,0,0,0,0,0,0,0,0,0,0,0,0,8465,1689,0,0,8473,630,0,0,8429,61,15,15,8451,101,0,0,8304,10,0,0,8347,0,0,0,8400,8300,,,,1.2,0.6,,369.7,235.9,,250.5,121.1,,0.25,-0.6500000000000001,,-74.25,-51.849999999999994,,790.6,429.6,,162.55,193.2,,"BOTTOM","DUO_SUPPORT",,,,,,,
621606773,"LA1",1540357153733,1581,420,11,11,"8.20.249.1952","CLASSIC","MATCHED_GAME",100,true,false,true,true,false,false,true,9,0,0,2,0,1,0,1,98,4,3,"GOLD",3097,2003,3109,3047,3082,3024,3364,1,2,7,0,1,0,991,0,0,0,0,0,23180,4236,12042,6900,0,5193,1752,3440,0,1807,5,12341,1019,620,27,23,9311,866,4608,3837,7084,5925,0,55,0,0,0,130,13,1,0,10,3,false,false,false,false,false,true,0,0,0,0,0,0,0,0,0,0,0,0,0,0,8465,1092,0,0,8473,222,0,0,8429,62,19,10,8451,143,0,0,8304,10,0,0,8347,0,0,0,8400,8300,,,,2,2.9000000000000004,,370.4,394.7,,282.3,173,,,,,,,,428,92.7,,,,,"BOTTOM","DUO",,,,,,,
618324155,"LA1",1539574946317,2795,420,11,11,"8.20.249.1952","CLASSIC","MATCHED_GAME",200,false,false,false,true,true,true,false,6,0,2,3,0,0,0,7,412,4,3,"GOLD",3069,3107,3190,3117,3110,3067,3364,1,10,12,0,1,0,574,0,0,0,0,0,25201,18263,3599,3338,0,10662,8066,1047,1548,7332,6,34846,3225,1116,68,50,29251,3711,20492,5047,11936,10225,1,20,0,0,0,872,16,1,0,31,10,false,false,false,false,false,false,0,0,0,0,0,0,0,0,0,0,0,0,0,0,8465,4297,0,0,8473,524,0,0,8429,78,18,13,8451,225,0,0,8304,9,0,0,8347,0,0,0,8400,8300,,,,0.7,0.5,0.2,278.6,244.3,468.20000000000005,242.3,161,310.8,0.2999999999999998,0.3999999999999999,2.2,25.00000000000003,9.099999999999994,250.85000000000005,381.4,335.1,568.5999999999999,257.55,190,115.55000000000001,"BOTTOM","DUO_SUPPORT",0.3333333333333333,349.8,256.8666666666666,838.6666666666666,0.7666666666666663,-104.50000000000001,410.5
618301757,"LA1",1539569838450,195,420,11,11,"8.20.249.1952","CLASSIC","MATCHED_GAME",200,false,false,false,false,false,false,false,0,0,0,0,0,0,0,6,412,4,3,"GOLD",0,0,0,0,0,0,0,0,0,0,0,0,0,0,0,0,0,0,0,0,0,0,0,0,0,0,0,0,0,0,0,0,0,0,0,0,0,0,0,675,0,0,0,0,0,0,0,1,0,0,0,0,false,false,,,,,0,0,0,0,0,0,0,0,0,0,0,0,0,0,8465,0,0,0,8473,0,0,0,8429,0,0,0,8451,0,0,0,8304,0,0,0,8347,0,0,0,8400,8300,,,,,,,,,,,,,,,,,,,,,,,,,"NONE","DUO",,,,,,,
618268574,"LA1",1539568523670,198,420,11,11,"8.20.249.1952","CLASSIC","MATCHED_GAME",200,false,false,false,false,false,false,false,0,0,0,0,0,0,0,6,412,4,3,"GOLD",0,0,0,0,0,0,0,0,0,0,0,0,0,0,0,0,0,0,0,0,0,0,0,0,0,0,0,0,0,0,0,0,0,0,0,0,0,0,0,680,0,0,0,0,0,0,0,1,0,0,0,0,false,false,,,,,0,0,0,0,0,0,0,0,0,0,0,0,0,0,8465,0,0,0,8473,0,0,0,8429,0,0,0,8451,0,0,0,8304,0,0,0,8347,0,0,0,8400,8300,,,,,,,,,,,,,,,,,,,,,,,,,"NONE","DUO",,,,,,,
618265510,"LA1",1539567274002,200,420,11,11,"8.20.249.1952","CLASSIC","MATCHED_GAME",200,false,false,false,false,false,false,false,0,0,0,0,0,0,0,9,412,4,3,"GOLD",0,0,0,0,0,0,0,0,0,0,0,0,0,0,0,0,0,0,0,0,0,0,0,0,0,0,0,0,0,0,0,0,0,0,0,0,0,0,0,685,0,0,0,0,0,0,0,1,0,0,0,0,,,,,,,0,0,0,0,0,0,0,0,0,0,0,0,0,0,8465,0,0,0,8473,0,0,0,8429,0,0,0,8451,0,0,0,8304,0,0,0,8347,0,0,0,8400,8300,,,,,,,,,,,,,,,,,,,,,,,,,"NONE","DUO",,,,,,,
614051973,"LA1",1538692954360,1330,420,11,11,"8.19.246.5109","CLASSIC","MATCHED_GAME",200,false,true,false,false,false,true,false,0,0,0,1,0,0,0,7,412,4,3,"GOLD",3069,3117,3801,1004,1004,0,3340,1,6,6,0,1,0,618,0,0,0,0,0,11370,8852,2494,23,0,4488,3566,922,0,0,0,8634,1307,166,17,24,14961,5129,8581,1250,4866,3550,0,8,0,0,0,90,10,2,0,7,1,false,false,false,false,false,false,0,0,0,0,0,0,0,0,0,0,0,0,0,0,8465,1622,0,0,8473,570,0,0,8429,54,12,10,8451,84,0,0,8304,8,3,0,8347,0,0,0,8400,8300,,,,0.5,0.1,,247.8,305.1,,210,170.9,,2.220446049250313e-16,-0.24999999999999978,,-148.85,38.35000000000001,,908.3,345,,357.65,28.199999999999974,,"BOTTOM","DUO_SUPPORT",,,,,,,
614019404,"LA1",1538692284892,197,420,11,11,"8.19.246.5109","CLASSIC","MATCHED_GAME",200,false,false,false,false,false,false,false,0,0,0,0,0,0,0,6,412,4,3,"GOLD",3301,2003,0,0,0,0,3340,0,0,0,0,0,0,0,0,0,0,0,0,407,206,200,0,0,176,89,86,0,0,0,102,0,0,0,0,271,20,251,0,761,500,0,1,0,0,0,0,2,0,0,0,0,,,,,,,0,0,0,0,0,0,0,0,0,0,0,0,0,0,8465,0,0,0,8473,15,0,0,8429,0,0,0,8451,2,0,0,8304,0,0,0,8347,0,0,0,8400,8300,,,,,,,,,,,,,,,,,,,,,,,,,"NONE","DUO",,,,,,,
613996230,"LA1",1538690032198,1800,420,11,11,"8.19.246.5109","CLASSIC","MATCHED_GAME",100,false,true,true,true,false,true,false,11,0,0,2,0,0,0,5,412,4,3,"GOLD",3069,3107,3117,3109,1029,1029,3364,3,7,15,2,1,1,813,0,0,0,0,0,16917,11004,3978,1935,0,7187,5138,1614,435,4244,4,10580,2225,0,32,29,20237,4365,14188,1683,7852,7675,0,15,0,0,0,95,12,1,0,12,3,false,false,false,false,false,false,0,0,0,0,0,0,0,0,0,0,0,0,0,0,8021,660,0,0,9111,792,360,0,9104,16,0,0,8014,182,0,0,8143,106,0,0,8135,641,5,0,8000,8100,,,,0.1,0.9,0.5,452.1,215.2,294.4,324,197.89999999999998,213.3,-2.55,-1.0999999999999996,-1.5499999999999998,93.04999999999998,-114.80000000000001,-143.34999999999997,540.6,435.7,1047.4,-202.29999999999993,9.75,109.39999999999998,"BOTTOM","DUO_SUPPORT",,,,,,,
614000753,"LA1",1538687515811,1896,420,11,11,"8.19.246.5109","CLASSIC","MATCHED_GAME",200,false,false,false,false,false,false,false,1,0,0,1,0,0,0,8,56,4,11,"GOLD",1412,3156,3047,3071,0,0,3364,8,6,3,2,2,3,595,1,0,0,0,0,112816,2529,105974,4312,0,11623,784,9978,860,12144,1,16568,6560,0,13,129,28935,8585,19389,960,10721,10200,0,37,83,74,0,446,14,1,0,5,1,false,false,false,false,false,false,0,0,0,0,0,0,0,0,0,0,0,0,0,0,8021,2456,0,0,9111,510,220,0,9104,16,50,0,8014,327,0,0,8143,118,0,0,8135,1892,5,0,8000,8100,,,,0.8999999999999999,0.3,2.3,427.4,272.9,528.4000000000001,373.20000000000005,216.3,409.4,-0.2,0.19999999999999998,0.09999999999999987,56.20000000000002,-42.500000000000014,81.50000000000006,1013,715.8,1107.6999999999998,200.7,259.40000000000003,67.99999999999989,"JUNGLE","NONE",,,,,,,
613989404,"LA1",1538686765316,204,420,11,11,"8.19.246.5109","CLASSIC","MATCHED_GAME",100,true,false,false,false,false,false,false,0,0,0,0,0,0,0,5,56,4,11,"GOLD",1041,2031,0,0,0,0,3340,1,0,0,0,1,0,0,0,0,0,0,0,10842,142,9432,1268,0,510,44,426,40,1204,1,700,0,0,0,1,1703,0,1703,0,1574,500,0,0,19,12,3,209,4,0,0,1,0,true,false,,,,,0,0,0,0,0,0,0,0,0,0,0,0,0,0,8021,89,0,0,9111,5,20,0,9104,0,0,0,8014,19,0,0,8143,0,0,0,8135,118,1,0,8000,8100,,,,,,,,,,,,,,,,,,,,,,,,,"NONE","DUO",,,,,,,
613988025,"LA1",1538685931920,212,420,11,11,"8.19.246.5109","CLASSIC","MATCHED_GAME",200,false,false,false,false,false,false,false,0,0,0,0,0,0,0,10,56,4,11,"GOLD",1041,2031,0,0,0,0,3340,0,0,0,0,0,0,0,0,0,0,0,0,0,0,0,0,0,0,0,0,0,0,0,0,0,0,0,0,0,0,0,0,709,500,0,0,0,0,0,0,1,0,0,0,0,false,false,,,,,0,0,0,0,0,0,0,0,0,0,0,0,0,0,8021,0,0,0,9111,0,0,0,9104,0,0,0,8014,0,0,0,8143,0,0,0,8135,0,0,0,8000,8100,,,,,,,,,,,,,,,,,,,,,,,,,"NONE","DUO",,,,,,,
613518923,"LA1",1538538674216,198,420,11,11,"8.19.246.5109","CLASSIC","MATCHED_GAME",100,false,true,false,false,false,false,false,0,0,0,0,0,0,0,3,56,4,11,"GOLD",0,0,0,0,0,0,0,0,0,0,0,0,0,0,0,0,0,0,0,0,0,0,0,0,0,0,0,0,0,0,0,0,0,0,0,0,0,0,0,680,0,0,0,0,0,0,0,1,0,0,0,0,false,false,,,,,0,0,0,0,0,0,0,0,0,0,0,0,0,0,8021,0,0,0,9111,0,0,0,9104,0,0,0,8014,0,0,0,8143,0,0,0,8135,0,0,0,8000,8100,,,,,,,,,,,,,,,,,,,,,,,,,"NONE","DUO",,,,,,,
613531963,"LA1",1538535888553,1715,420,11,11,"8.19.246.5109","CLASSIC","MATCHED_GAME",100,false,true,true,true,false,true,false,11,0,0,2,0,0,0,5,59,4,11,"GOLD",1401,3110,3742,3009,1011,1028,3364,8,8,11,4,2,1,619,1,0,0,0,0,95397,32629,52517,10251,0,11987,3366,7483,1138,5699,1,29949,4282,150,13,26,32977,10263,21034,1679,10562,10550,0,26,73,59,0,1047,14,0,0,4,2,false,false,false,false,false,false,0,0,0,0,0,0,0,0,0,0,0,0,0,0,8021,1207,0,0,9111,1320,380,0,9104,12,0,0,8014,253,0,0,8473,698,0,0,8444,1025,0,0,8000,8400,,,,1.5,0.5,,372.9,351.79999999999995,,330.5,358.1,,0.2999999999999998,0,,-104.30000000000001,74.29999999999998,,1217.1,632.7,,685.9000000000001,168.50000000000006,,"JUNGLE","NONE",,,,,,,
606978137,"LA1",1537151974285,1863,420,11,11,"8.18.244.9800","CLASSIC","MATCHED_GAME",100,false,true,false,false,false,false,false,3,0,0,1,0,0,0,3,516,4,12,"GOLD",3025,3083,1011,3047,1029,0,3340,2,7,3,0,1,0,462,0,0,0,0,0,96914,44891,52023,0,0,15109,9401,5707,0,1835,1,35087,1157,887,11,36,25474,8741,15299,1433,9185,8700,1,174,0,0,0,663,15,0,0,6,0,false,false,false,false,false,false,0,0,0,0,0,0,0,0,0,0,0,0,0,0,8437,858,673,0,8473,466,0,0,8444,1250,0,0,8453,321,964,0,8226,250,902,0,8210,0,0,0,8400,8200,,,,6.699999999999999,6.699999999999999,4,484.9,404.7,444.5,312,233.5,310,-2.5000000000000004,-1.4000000000000008,-1.0999999999999999,-110.39999999999998,-93.29999999999998,-157.7,652.1,409.40000000000003,1124.2,-475,-145.29999999999995,-182.3,"TOP","SOLO",,,,,,,
606820613,"LA1",1537135164629,1641,420,11,11,"8.18.244.9800","CLASSIC","MATCHED_GAME",200,true,true,true,true,true,false,true,9,0,1,1,0,1,0,9,111,4,12,"GOLD",2003,3068,3047,3110,3076,0,3363,4,2,17,2,1,1,802,0,0,0,0,0,99405,77531,20289,1584,17,18113,13624,4489,0,966,1,33175,5966,1754,10,63,14670,3209,9787,1673,10508,8475,0,150,4,0,4,994,15,1,0,5,0,false,false,false,true,false,false,0,0,0,0,0,0,0,0,0,0,0,0,0,0,8437,1244,983,0,8473,601,0,0,8444,855,0,0,8453,299,494,0,8226,250,856,0,8210,0,0,0,8400,8200,,,,6.5,6.5,,507.1,415.8,,376.2,280,,3,1.8000000000000003,,179.7,34.900000000000006,,353.1,438.5,,-616.3,-108.30000000000001,,"TOP","SOLO",,,,,,,
606784025,"LA1",1537132860243,1783,420,11,11,"8.18.244.9800","CLASSIC","MATCHED_GAME",200,false,false,false,false,false,false,false,2,0,0,0,0,0,0,7,516,4,12,"GOLD",3379,3025,3047,1011,1028,0,3363,4,5,12,4,1,1,772,0,0,0,0,0,96822,43484,53337,0,0,18194,10558,7636,0,1291,1,39326,1584,595,13,56,22427,8228,13259,939,9897,9800,0,145,12,9,0,680,15,0,0,6,1,false,false,false,false,false,false,0,0,0,0,0,0,0,0,0,0,0,0,0,0,8437,664,680,0,8473,662,0,0,8444,1170,0,0,8453,347,844,0,8226,250,615,0,8210,0,0,0,8400,8200,,,,4.3,6.199999999999999,,473.3,411.1,,418.79999999999995,214.10000000000002,,-2.5000000000000004,0.2999999999999998,,-108.59999999999997,37.19999999999999,,738.7,426.70000000000005,,-105.80000000000001,167.8,,"TOP","SOLO",,,,,,,
606756171,"LA1",1537130496575,1879,420,11,11,"8.18.244.9800","CLASSIC","MATCHED_GAME",100,false,true,false,false,false,false,false,0,0,0,0,0,0,0,4,516,4,12,"GOLD",3379,3067,3047,1011,3025,0,3340,6,9,8,2,2,2,609,1,0,0,0,0,105030,51745,45118,8166,0,20789,12877,7325,586,1498,1,45421,81,0,9,54,30796,9437,16442,4916,10658,10550,0,145,4,4,0,687,16,0,0,6,0,false,false,false,false,false,false,0,0,0,0,0,0,0,0,0,0,0,0,0,0,8437,1109,1149,0,8473,290,0,0,8444,1701,0,0,8453,409,1039,0,8226,250,433,0,8210,12,0,0,8400,8200,,,,2.9000000000000004,6.5,4.6,305.1,474.2,658.7,274.8,260.7,442,-2.9000000000000004,-0.6000000000000001,2.3,-225.7,13.099999999999966,314.09999999999997,1027.9,372.1,1255.1,-18.69999999999999,-130,-902.1999999999999,"TOP","SOLO",,,,,,,
606468351,"LA1",1537080309772,2259,420,11,11,"8.18.244.9800","CLASSIC","MATCHED_GAME",100,true,false,true,true,true,true,true,10,0,1,4,0,1,0,2,516,4,12,"GOLD",3001,3143,3047,3025,1011,1028,3363,3,7,20,2,1,1,496,0,0,0,0,0,127838,53143,69587,5107,0,16193,8078,7615,500,1483,1,38466,5779,2922,14,42,24539,6607,13932,3998,12943,12050,1,169,4,4,0,981,18,0,0,5,1,false,false,true,false,false,true,0,0,0,0,0,0,0,0,0,0,0,0,0,0,8437,863,725,0,8473,640,0,0,8444,1397,0,0,8453,386,1286,0,8226,250,627,0,8210,0,0,0,8400,8200,,,,4.6,5.2,4.6,393.1,447.3,533.4,310,250.8,331.7,-2,1.5000000000000002,-3.7,-166.8,38.400000000000006,-58.80000000000004,554.3,562.9,768.5,-227.79999999999995,91.00000000000003,-164.5,"TOP","SOLO",3.6,468.6,399.8,1030.4,-1.8000000000000003,35.80000000000001,-319.39999999999986
606483660,"LA1",1537078108521,1799,420,11,11,"8.18.244.9800","CLASSIC","MATCHED_GAME",100,true,true,true,true,true,true,true,9,0,1,3,0,1,0,4,31,4,12,"GOLD",3075,3800,1057,3047,3083,1029,3340,5,3,7,4,1,1,869,0,0,0,0,0,118070,85635,20890,11543,0,10152,6405,1393,2352,5303,1,24399,5039,2632,10,51,29731,8966,19886,878,11499,12270,1,195,4,0,4,872,16,0,0,3,2,false,false,false,false,false,false,0,0,0,0,0,0,0,0,0,0,0,0,0,0,8229,959,0,0,8226,250,468,0,8210,0,0,0,8236,24,0,0,8138,19,0,0,8105,13,5,0,8200,8100,,,,6.2,6.7,,459.70000000000005,481.7,,320,288.7,,0.9000000000000004,1.4000000000000004,,10.800000000000011,38.69999999999999,,807.5999999999999,537.2,,-84.80000000000001,196.5,,"TOP","SOLO",,,,,,,
606448503,"LA1",1537075835663,1797,420,11,11,"8.18.244.9800","CLASSIC","MATCHED_GAME",100,false,true,false,false,false,false,false,2,0,0,0,0,0,0,3,516,4,12,"GOLD",3751,3025,3111,1057,1054,3010,3363,1,5,5,0,1,0,650,0,0,0,0,0,90995,41090,47327,2578,0,17211,9123,8055,33,1606,1,24952,1740,1392,8,37,20040,3528,15188,1323,8360,7370,0,166,0,0,0,548,14,0,0,4,1,false,false,false,false,false,false,0,0,0,0,0,0,0,0,0,0,0,0,0,0,8437,705,718,0,8473,680,0,0,8444,1223,0,0,8453,235,720,0,8226,250,476,0,8210,0,0,0,8400,8200,,,,6.1,6,,514.6,399.1,,273,240.4,,0.40000000000000036,-0.10000000000000009,,-46.29999999999998,-32.19999999999999,,606.3,455.7,,-372.9,2,,"TOP","SOLO",,,,,,,
606442606,"LA1",1537073540629,1795,420,11,11,"8.18.244.9800","CLASSIC","MATCHED_GAME",100,false,false,false,false,false,false,true,2,0,0,1,0,1,0,3,150,4,3,"GOLD",3156,1029,3111,3022,1028,1029,3363,6,4,3,6,1,1,1289,0,0,0,0,0,89495,6954,82541,0,0,14614,2010,12604,0,3253,1,22468,2485,2485,13,31,33492,16029,16599,863,9371,9275,0,157,0,0,0,650,15,3,0,6,1,false,false,false,false,false,false,0,0,0,0,0,0,0,0,0,0,0,0,0,0,8021,1295,0,0,9111,1190,180,0,9104,13,40,0,8014,320,0,0,8473,798,0,0,8444,2153,0,0,8000,8400,,,,7.7,6.3,,647.6,486.79999999999995,,385.4,310.20000000000005,,0.5000000000000004,-0.5,,207.80000000000004,49.69999999999999,,1074.5,548.3,,341.1,204.29999999999998,,"TOP","SOLO",,,,,,,
603458867,"LA1",1536541097019,2379,420,11,11,"8.17.243.3340","CLASSIC","MATCHED_GAME",100,false,false,true,false,false,true,true,5,0,0,2,0,1,0,1,412,4,3,"GOLD",3069,3190,3107,3109,3117,1029,3364,2,11,16,0,1,0,638,0,0,0,0,0,23630,19450,3612,567,0,10669,8703,1695,270,3822,7,39449,1200,1056,68,52,30677,13772,13459,3445,9700,9275,1,21,4,0,0,212,15,3,0,29,6,false,false,false,false,false,false,0,0,0,0,0,0,0,0,0,0,0,0,0,0,8465,4759,0,0,8473,579,0,0,8429,74,17,13,8451,235,0,0,8304,9,3,0,8347,0,0,0,8400,8300,,,,0.9,0.3,0.4,298.7,260.4,475.09999999999997,257.4,158.3,259.9,-2.3,-1.9,-0.3999999999999999,-76.65,-51.849999999999994,-1.9000000000000057,387.2,305.29999999999995,1012.4,-9.350000000000023,62.599999999999966,47.50000000000006,"BOTTOM","DUO_SUPPORT",0.2,261.6,254,1188.2,-3,-359.79999999999995,692.6000000000001
593750907,"LA1",1534035123123,200,420,11,11,"8.15.239.9021","CLASSIC","MATCHED_GAME",100,true,false,false,false,false,false,false,0,0,0,0,0,0,0,4,68,4,12,"GOLD",1028,2003,0,0,0,0,3340,0,0,0,0,0,0,0,0,0,0,0,0,6270,4110,2159,0,0,0,0,0,0,0,0,159,135,135,0,0,504,0,504,0,1060,500,0,19,0,0,0,18,3,0,0,0,0,false,false,,,,,0,0,0,0,0,0,0,0,0,0,0,0,0,0,8229,0,0,0,8224,0,0,0,8234,6,0,0,8237,0,0,0,8473,0,0,0,8444,0,0,0,8200,8400,,,,,,,,,,,,,,,,,,,,,,,,,"NONE","DUO",,,,,,,
593728924,"LA1",1534034075567,199,420,11,11,"8.15.239.9021","CLASSIC","MATCHED_GAME",100,false,false,false,false,false,false,false,0,0,0,0,0,0,0,4,68,4,12,"GOLD",0,0,0,0,0,0,0,0,0,0,0,0,0,0,0,0,0,0,0,0,0,0,0,0,0,0,0,0,0,0,0,0,0,0,0,0,0,0,0,682,0,0,0,0,0,0,0,1,0,0,0,0,false,false,,,,,0,0,0,0,0,0,0,0,0,0,0,0,0,0,8214,0,0,0,8224,0,0,0,8233,0,0,0,8237,0,0,0,8139,0,0,0,8120,0,0,0,8200,8100,,,,,,,,,,,,,,,,,,,,,,,,,"NONE","DUO",,,,,,,
519536557,"LA1",1516954735260,1214,420,11,11,"8.2.215.824","CLASSIC","MATCHED_GAME",100,false,false,false,false,false,false,false,0,0,0,0,0,0,0,1,57,4,11,"GOLD",2424,2031,1409,3075,0,3117,3340,2,2,3,2,1,1,957,0,0,0,0,0,72959,50730,17872,4356,0,3682,3212,470,0,7935,2,12689,0,0,9,19,17647,3969,13280,397,6366,6500,0,20,70,59,5,504,11,0,0,6,1,false,false,false,false,,,0,0,0,0,0,0,0,0,0,0,0,0,0,0,8439,303,0,0,8463,99,0,0,8429,50,16,10,8444,689,0,0,8313,0,0,0,8304,10,0,0,8400,8300,,,,1.1,0.9,,460.1,292.9,,357.79999999999995,226,,-1.5999999999999999,0.9,,-146.70000000000002,-72,,1153.9,610.8,,383.29999999999995,55,,"JUNGLE","NONE",,,,,,,
519535706,"LA1",1516952990537,1274,420,11,11,"8.2.215.824","CLASSIC","MATCHED_GAME",100,false,false,false,false,false,false,false,0,0,0,0,0,0,0,3,59,4,11,"GOLD",1409,2031,1001,3083,1029,1029,3341,1,5,7,0,1,0,467,0,0,0,0,0,75078,24248,44817,6012,0,4021,624,3307,89,4506,1,9615,0,0,16,9,18693,5099,12477,1116,6532,6475,0,18,81,64,4,339,11,1,0,8,2,false,false,false,false,,,0,0,0,0,0,0,0,0,0,0,0,0,0,0,8112,452,0,0,8143,174,0,0,8138,6,0,0,8105,5,0,0,9111,201,0,0,9104,15,30,0,8100,8000,,,,1.6,0.2,,440.1,278.7,,308.20000000000005,259.8,,-0.9999999999999998,0.19999999999999996,,-145.29999999999995,-33.05000000000001,,1096.1999999999998,513.0999999999999,,617.3499999999999,146.85000000000002,,"JUNGLE","NONE",,,,,,,
519544094,"LA1",1516950603317,2002,420,11,11,"8.2.215.824","CLASSIC","MATCHED_GAME",200,true,false,true,true,false,true,false,10,1,0,2,0,0,0,9,59,4,11,"GOLD",1409,3075,3111,3083,3742,0,3341,12,2,17,6,2,2,886,3,0,0,0,0,145270,46461,88786,10022,33,21995,4321,16798,876,10886,1,47409,9361,3242,23,32,48724,15353,31240,2130,14679,12475,2,26,118,78,12,929,16,1,0,6,2,false,false,false,true,true,false,0,0,0,0,0,0,0,0,0,0,0,0,0,0,8112,1765,0,0,8143,748,0,0,8138,18,0,0,8105,5,0,0,9111,3287,0,0,9104,17,30,0,8100,8000,,,,0.8,0.2,1.1,413.2,353.1,583.7,356.8,275.4,543.9,0.7,0.2,-0.6000000000000001,62.89999999999999,72.39999999999999,-3.700000000000017,924.2,634.8,2137.6,-190.09999999999997,68,371.19999999999993,"JUNGLE","NONE",,,,,,,
517911122,"LA1",1516583706950,2614,420,11,11,"8.1.214.5847","CLASSIC","MATCHED_GAME",200,true,false,true,true,false,true,false,9,2,0,5,0,0,0,8,40,4,3,"GOLD",3107,3069,3190,2045,3504,3117,3341,0,6,36,0,0,0,1079,0,0,0,0,0,24695,16948,3784,3961,0,10226,7060,713,2452,19456,10,21097,3773,2909,46,50,25646,14270,10690,686,14722,13050,0,7,0,0,0,160,17,0,0,21,5,false,false,false,true,true,false,0,0,0,0,0,0,0,0,0,0,0,0,0,0,8214,973,1950,0,8226,2598,0,0,8233,27,20,0,8237,718,0,0,8304,9,3,0,8347,0,0,0,8200,8300,,,,0.2,0,0.30000000000000004,200.60000000000002,255.9,471.6,275,164.2,365.9,-2.5,-1.8499999999999999,-1.35,-63.69999999999999,-8.34999999999998,87.44999999999999,264.8,235.3,803.9,-319.65000000000003,-32,-262.35,"BOTTOM","DUO_SUPPORT",0.2,430.6,374.4,778.3,-2.2,-152.95,-265.04999999999995
517857890,"LA1",1516582178768,939,420,11,11,"8.1.214.5847","CLASSIC","MATCHED_GAME",200,false,false,false,false,false,false,false,0,0,0,0,0,0,0,8,107,4,11,"GOLD",1412,2031,0,1001,0,0,3340,1,3,1,0,1,0,640,0,0,0,0,0,40079,4153,32611,3314,165,2143,167,1771,204,3064,1,3937,0,0,5,2,9749,1636,7583,529,4211,3150,0,9,50,37,0,192,8,1,0,2,1,false,false,false,false,,,0,0,0,0,0,0,0,0,0,0,0,0,0,0,8128,98,0,0,8143,63,0,0,8138,2,0,0,8105,2,0,0,8233,5,30,0,8236,4,0,0,8100,8200,,,,,0.1,,,277.7,,,218.6,,,-0.2,,,-46.3,,,534.4,,,104.69999999999996,,"JUNGLE","NONE",,,,,,,
517842688,"LA1",1516579533937,2180,420,11,11,"8.1.214.5847","CLASSIC","MATCHED_GAME",200,false,true,true,false,false,false,false,1,0,0,0,0,0,0,8,154,4,11,"GOLD",3083,0,1409,3065,3111,3076,3341,2,2,11,2,1,1,1111,0,0,0,0,0,140850,111338,22056,7454,9,17303,14787,2124,390,32437,5,36749,0,0,27,44,44375,12816,28522,3037,11029,10200,0,73,90,74,5,738,16,2,0,14,1,false,false,false,false,false,false,0,0,0,0,0,0,0,0,0,0,0,0,0,0,8439,2198,0,0,8463,1567,0,0,8429,72,15,14,8444,1536,0,0,8313,0,0,0,8304,10,0,0,8400,8300,,,,2.9000000000000004,0,3.8,491.90000000000003,270.2,393.4,328.5,217,307.6,2.2,-0.5,3,41.200000000000045,-60.900000000000034,-124.79999999999998,1210.1,703.1,755.7,340.19999999999993,178.3,-602.0999999999999,"JUNGLE","NONE",1.2,662.8,336.2,2973.2,0.6,277.19999999999993,1860.6
517807688,"LA1",1516577101712,1839,420,11,11,"8.1.214.5847","CLASSIC","MATCHED_GAME",100,false,false,true,true,true,true,true,10,0,1,3,0,1,0,5,113,4,11,"GOLD",1409,3110,0,3111,3083,0,3341,4,3,5,4,1,1,1473,0,0,0,0,0,125859,58465,61951,5442,0,8292,3777,4338,176,6253,4,26917,1091,893,19,28,29716,7709,20988,1017,9782,9450,0,21,109,90,8,595,14,2,0,12,2,true,false,false,false,false,false,0,0,0,0,0,0,0,0,0,0,0,0,0,0,8439,736,0,0,8463,1143,0,0,8429,67,17,12,8444,761,0,0,9111,475,0,0,9104,17,20,0,8400,8000,,,,0.30000000000000004,0.30000000000000004,1.5,507.5,313.8,363.5,336,279.3,303.2,-1.5999999999999999,-0.1,-1.2,131.60000000000002,-73.29999999999998,-337.9,966.7,514.5,1170.4,147.59999999999997,-145.29999999999998,-107.50000000000006,"JUNGLE","NONE",,,,,,,
517779980,"LA1",1516573437676,1801,420,11,11,"8.1.214.5847","CLASSIC","MATCHED_GAME",100,false,true,true,false,false,false,false,2,0,0,0,0,0,0,4,113,4,11,"GOLD",1401,3193,0,3083,1029,3111,3364,2,4,10,2,1,1,1031,0,0,0,0,0,137552,65796,66029,5726,0,14426,6803,6570,1052,6368,5,37161,254,254,16,42,35865,12061,22696,1107,10459,9550,0,39,123,96,8,743,14,2,0,6,1,false,false,false,false,false,false,0,0,0,0,0,0,0,0,0,0,0,0,0,0,8439,1186,0,0,8463,1112,0,0,8429,66,15,16,8444,1062,0,0,9111,440,0,0,9104,15,0,0,8400,8000,,,,2.5,0,1.4,521.5,370.4,381.3,422.4,272.1,301.3,0.20000000000000007,-0.7,0.4,-180.4,9.599999999999966,-283.2,999.1,625.5999999999999,1961.8000000000002,97.10000000000002,120.59999999999997,643.1000000000001,"JUNGLE","NONE",,,,,,,
517793295,"LA1",1516570412563,1222,420,11,11,"8.1.214.5847","CLASSIC","MATCHED_GAME",200,true,false,true,true,false,false,true,9,0,0,1,0,1,0,10,59,4,11,"GOLD",1409,2031,3111,2055,3083,0,3341,4,0,9,4,1,1,0,0,0,0,0,0,83854,19094,55524,9235,0,4721,1027,3465,229,6902,1,10650,13256,2874,18,10,16434,2651,13507,276,8672,6675,0,18,91,57,5,366,11,1,0,7,2,false,false,false,false,false,true,0,0,0,0,0,0,0,0,0,0,0,0,0,0,8112,636,0,0,8143,147,0,0,8138,11,0,0,8105,5,0,0,9111,821,0,0,9104,15,10,0,8100,8000,,,,1.2000000000000002,0.4,,469,343.4,,473.8,319.8,,0.5,-0.09999999999999998,,139.39999999999998,33.30000000000001,,962.2,618.3,,-116.80000000000001,-175.80000000000004,,"JUNGLE","NONE",,,,,,,
517749964,"LA1",1516568543012,1326,420,11,11,"8.1.214.5847","CLASSIC","MATCHED_GAME",100,true,false,true,false,false,true,false,4,0,0,2,0,0,0,1,59,4,11,"GOLD",1409,3077,3083,3111,2031,0,3341,3,1,7,3,1,1,417,0,0,0,0,0,95716,30949,55159,9608,0,4816,835,3731,250,7741,1,11836,10808,1604,30,8,17602,4048,13554,0,8212,7950,1,23,92,64,8,504,12,2,0,13,0,false,false,true,false,,,0,0,0,0,0,0,0,0,0,0,0,0,0,0,8112,662,0,0,8143,177,0,0,8138,7,0,0,8105,5,0,0,9111,600,0,0,9104,14,50,0,8100,8000,,,,1.9000000000000001,0.4,,483.79999999999995,343,,449.1,266.7,,1,0.2,,56.29999999999998,43.29999999999998,,888.5999999999999,703.9,,93.99999999999994,220.29999999999998,,"JUNGLE","NONE",,,,,,,
482574305,"LA1",1508627741274,2341,420,11,9,"7.20.204.9809","CLASSIC","MATCHED_GAME",200,true,true,true,true,true,true,false,9,0,1,4,0,0,0,6,17,4,12,"PLATINUM",1058,3151,3115,3020,3135,3285,3363,15,9,7,7,3,3,499,2,1,0,0,0,190086,142573,47065,448,0,46779,42418,4136,224,4958,1,17600,15398,8005,22,63,31354,9760,20737,856,17033,15175,3,222,1,0,1,654,18,1,0,9,5,false,false,false,false,false,true,0,0,0,0,0,0,0,0,0,0,0,0,0,0,,,,,,,,,,,,,,,,,,,,,,,,,,,,,,6.800000000000001,4.9,4.5,601.2,375.70000000000005,500,398.4,239.60000000000002,434,0.10000000000000009,0.2999999999999998,0.4999999999999998,-23.200000000000017,-98.79999999999998,139.7,794.9,427.9,993.2,-364.20000000000005,-222.5,-776.5,"TOP","SOLO",9.6,705.8,539.8,939.6,3,195.99999999999994,-758.9999999999999
482545192,"LA1",1508623307491,1718,420,11,9,"7.20.204.9809","CLASSIC","MATCHED_GAME",200,false,false,false,false,false,false,false,0,0,0,0,0,0,0,6,3,4,12,"PLATINUM",3001,3075,3751,0,2055,3111,3340,1,9,6,0,1,0,632,0,0,0,0,0,101036,95245,5790,0,30,12297,11890,407,0,1785,1,33903,336,336,7,34,25121,8124,15965,1031,9106,8600,0,171,1,0,1,199,14,2,0,6,0,false,false,false,false,false,false,0,0,0,0,0,0,0,0,0,0,0,0,0,0,,,,,,,,,,,,,,,,,,,,,,,,,,,,,,4.9,5.9,,360.8,385,,256,235.39999999999998,,-1.2000000000000002,-1.7000000000000004,,-156.69999999999996,-49.70000000000002,,912.6,278.1,,212.8,-212.89999999999998,,"TOP","SOLO",,,,,,,
482543702,"LA1",1508622548456,199,420,11,9,"7.20.204.9809","CLASSIC","MATCHED_GAME",100,false,true,false,false,false,false,false,0,0,0,0,0,0,0,4,31,4,12,"PLATINUM",1054,2003,0,0,0,0,3340,0,0,0,0,0,0,0,0,0,0,0,0,3252,1681,1571,0,0,179,74,105,0,146,1,266,0,0,0,0,670,0,670,0,796,500,0,7,0,0,0,36,3,0,0,0,0,false,false,,,,,0,0,0,0,0,0,0,0,0,0,0,0,0,0,,,,,,,,,,,,,,,,,,,,,,,,,,,,,,,,,,,,,,,,,,,,,,,,,,,"TOP","DUO",,,,,,,
478871262,"LA1",1507757275111,2226,420,11,9,"7.20.204.9809","CLASSIC","MATCHED_GAME",100,false,false,false,false,false,false,false,5,0,0,1,0,0,0,1,62,4,11,"PLATINUM",1412,3190,3742,3155,3111,0,3341,3,7,11,0,1,0,751,0,0,0,0,0,142546,8357,125964,8225,0,14548,1414,12660,472,10065,1,45305,9103,1107,14,17,40627,16243,23178,1206,12133,10350,1,42,97,64,5,523,16,1,0,3,2,false,false,false,false,false,false,0,0,0,0,0,0,0,0,0,0,0,0,0,0,,,,,,,,,,,,,,,,,,,,,,,,,,,,,,1.2,0,1.7999999999999998,535.5,272.5,431.9,383.8,219,372.5,-0.1,-0.4,1.5999999999999999,218.2,-85.49999999999999,33.30000000000001,965.7,624.8,1553.5,-125.69999999999999,-184,641.2,"JUNGLE","NONE",1.8,350.8,275.6,1391.2,0.19999999999999996,-122.59999999999997,578
478857508,"LA1",1507754946572,1752,420,11,9,"7.20.204.9809","CLASSIC","MATCHED_GAME",200,false,true,false,false,false,true,false,2,0,0,2,0,0,0,8,18,4,21,"PLATINUM",3031,3006,3085,3086,1042,0,3363,2,6,5,0,1,0,609,0,0,0,0,0,112153,18006,92928,1218,416,10274,2025,7814,434,2579,1,8863,6529,2485,9,5,17719,7605,9441,672,9579,9200,0,172,1,1,0,189,13,0,0,7,2,false,false,false,false,false,false,0,0,0,0,0,0,0,0,0,0,0,0,0,0,,,,,,,,,,,,,,,,,,,,,,,,,,,,,,6.2,5.8,,353.3,285.1,,310.3,221.2,,-0.55,-0.7000000000000002,,-41.14999999999995,-38.35000000000001,,581.3,323.70000000000005,,-46.599999999999994,-8.649999999999949,,"BOTTOM","DUO_CARRY",,,,,,,
478854115,"LA1",1507752595375,1538,420,11,9,"7.20.204.9809","CLASSIC","MATCHED_GAME",100,true,true,true,true,true,true,true,11,0,1,2,0,1,0,1,51,4,21,"PLATINUM",1055,3031,3085,3094,1001,0,3363,4,1,0,3,1,1,904,0,0,0,0,0,136571,2647,133087,836,1403,12705,949,11727,28,3117,1,5931,11970,9845,12,20,12456,3883,8488,84,11126,9475,4,194,6,1,5,132,13,1,0,6,0,false,false,false,false,false,true,0,0,0,0,0,0,0,0,0,0,0,0,0,0,,,,,,,,,,,,,,,,,,,,,,,,,,,,,,7.9,7.2,,391.1,310,,381.4,244.5,,1.3000000000000003,-0.09999999999999987,,75,-1.9499999999999886,,484.79999999999995,318.5,,-80.05000000000001,58.29999999999998,,"BOTTOM","DUO_CARRY",,,,,,,
478850711,"LA1",1507750201653,1799,420,11,9,"7.20.204.9809","CLASSIC","MATCHED_GAME",100,false,true,true,true,true,true,true,6,0,1,2,0,1,0,5,27,6,12,"PLATINUM",3742,2031,3151,0,3047,0,3363,1,10,4,0,1,0,355,0,0,0,0,0,130175,126215,3907,52,0,23667,23464,203,0,590,1,19545,400,0,19,20,27461,6692,19891,877,9019,7675,0,194,0,0,0,176,14,1,0,9,1,false,false,false,false,false,false,0,0,0,0,0,0,0,0,0,0,0,0,0,0,,,,,,,,,,,,,,,,,,,,,,,,,,,,,,7.199999999999999,5.9,,357.3,423.4,,288.5,243.39999999999998,,-0.40000000000000036,0.19999999999999996,,-260.7,-6.300000000000011,,1098.5,319,,-161.19999999999993,-132.1,,"TOP","SOLO",,,,,,,
478366160,"LA1",1507660804236,1961,420,11,9,"7.19.203.1070","CLASSIC","MATCHED_GAME",200,true,true,false,false,true,true,true,10,1,1,2,0,1,0,8,27,6,12,"PLATINUM",3116,3024,3151,3047,3075,3082,3363,5,10,12,0,1,0,300,0,0,0,0,0,168043,162390,5430,224,39,24273,23341,804,128,1498,1,28218,359,359,22,34,29342,4669,23338,1334,13640,12525,0,221,4,2,0,7778,17,1,0,8,2,true,false,false,false,false,false,0,0,0,0,0,0,0,0,0,0,0,0,0,0,,,,,,,,,,,,,,,,,,,,,,,,,,,,,,6,5.4,8,433.2,381.4,661.2,381.5,302.20000000000005,483.1,-0.10000000000000009,-1.6,5.1000000000000005,-81,-80.69999999999996,290.20000000000005,717.9,655.7,1223,-669,-152.8,-633.8000000000001,"TOP","SOLO",,,,,,,
478344211,"LA1",1507658443871,1370,420,11,9,"7.19.203.1070","CLASSIC","MATCHED_GAME",200,false,true,false,false,false,false,false,0,0,0,0,0,0,0,10,19,4,11,"PLATINUM",1413,3077,1036,3111,1028,0,3341,1,8,3,0,1,0,598,0,0,0,0,0,53906,14603,35319,3984,0,5096,3128,1634,334,7791,1,13765,1128,0,9,17,21757,6436,14448,872,6061,5625,0,15,41,24,0,422,9,1,0,4,0,false,false,false,false,false,false,0,0,0,0,0,0,0,0,0,0,0,0,0,0,,,,,,,,,,,,,,,,,,,,,,,,,,,,,,1.4,0,,265.2,306.8,,266.3,235.6,,-1.1,-0.30000000000000004,,-328.40000000000003,-70.3,,1258.4,706.9000000000001,,272.69999999999993,14.600000000000023,,"JUNGLE","NONE",,,,,,,
468622467,"LA1",1505365019542,1803,420,11,9,"7.18.201.9160","CLASSIC","MATCHED_GAME",200,true,true,true,true,false,true,false,9,0,0,1,0,0,0,10,36,4,11,"PLATINUM",1413,3082,3083,3111,3076,0,3364,5,4,9,2,1,2,871,0,0,0,0,0,124883,76861,42538,5484,14,19559,12181,6350,1028,14059,5,28814,1682,468,14,16,40888,11421,27343,2123,11157,8500,0,22,87,50,12,635,14,0,0,4,2,false,false,false,false,false,false,0,0,0,0,0,0,0,0,0,0,0,0,0,0,,,,,,,,,,,,,,,,,,,,,,,,,,,,,,0.1,0.3,1.8,414.1,337.2,478.9,338.70000000000005,269.8,456.5,-0.7,0.3,1.1,-6.499999999999972,65.19999999999999,-139.10000000000002,1378.8000000000002,537,2173,539.4000000000001,45.099999999999994,884,"JUNGLE","NONE",,,,,,,