,gameId,platformId,gameCreation,gameDuration,queueId,mapId,seasonId,gameVersion,gameMode,gameType,teamId,win,firstBlood,firstTower,firstInhibitor,firstBaron,firstDragon,firstRiftHerald,towerKills,inhibitorKills,baronKills,dragonKills,vilemawKills,riftHeraldKills,dominionVictoryScore,participantId,championId,spell1Id,spell2Id,highestAchievedSeasonTier,item0,item1,item2,item3,item4,item5,item6,kills,deaths,assists,largestKillingSpree,largestMultiKill,killingSprees,longestTimeSpentLiving,doubleKills,tripleKills,quadraKills,pentaKills,unrealKills,totalDamageDealt,magicDamageDealt,physicalDamageDealt,trueDamageDealt,largestCriticalStrike,totalDamageDealtToChampions,magicDamageDealtToChampions,physicalDamageDealtToChampions,trueDamageDealtToChampions,totalHeal,totalUnitsHealed,damageSelfMitigated,damageDealtToObjectives,damageDealtToTurrets,visionScore,timeCCingOthers,totalDamageTaken,magicalDamageTaken,physicalDamageTaken,trueDamageTaken,goldEarned,goldSpent,turretKills,totalMinionsKilled,neutralMinionsKilled,neutralMinionsKilledTeamJungle,neutralMinionsKilledEnemyJungle,totalTimeCrowdControlDealt,champLevel,visionWardsBoughtInGame,sightWardsBoughtInGame,wardsPlaced,wardsKilled,firstBloodKill,firstBloodAssist,firstTowerKill,firstTowerAssist,firstInhibitorKill,firstInhibitorAssist,combatPlayerScore,objectivePlayerScore,totalPlayerScore,totalScoreRank,playerScore0,playerScore1,playerScore2,playerScore3,playerScore4,playerScore5,playerScore6,playerScore7,playerScore8,playerScore9,perk0,perk0Var1,perk0Var2,perk0Var3,perk1,perk1Var1,perk1Var2,perk1Var3,perk2,perk2Var1,perk2Var2,perk2Var3,perk3,perk3Var1,perk3Var2,perk3Var3,perk4,perk4Var1,perk4Var2,perk4Var3,perk5,perk5Var1,perk5Var2,perk5Var3,perkPrimaryStyle,perkSubStyle,statPerk0,statPerk1,statPerk2,creepsPerMinDeltas_10-20,creepsPerMinDeltas_0-10,creepsPerMinDeltas_20-30,xpPerMinDeltas_10-20,xpPerMinDeltas_0-10,xpPerMinDeltas_20-30,goldPerMinDeltas_10-20,goldPerMinDeltas_0-10,goldPerMinDeltas_20-30,csDiffPerMinDeltas_10-20,csDiffPerMinDeltas_0-10,csDiffPerMinDeltas_20-30,xpDiffPerMinDeltas_10-20,xpDiffPerMinDeltas_0-10,xpDiffPerMinDeltas_20-30,damageTakenPerMinDeltas_10-20,damageTakenPerMinDeltas_0-10,damageTakenPerMinDeltas_20-30,damageTakenDiffPerMinDeltas_10-20,damageTakenDiffPerMinDeltas_0-10,damageTakenDiffPerMinDeltas_20-30,lane,role,creepsPerMinDeltas_30-end,xpPerMinDeltas_30-end,goldPerMinDeltas_30-end,damageTakenPerMinDeltas_30-end,csDiffPerMinDeltas_30-end,xpDiffPerMinDeltas_30-end,damageTakenDiffPerMinDeltas_30-end
46,626336825,LA1,1541396421086,2262,420,11,11,8.21.251.4430,CLASSIC,MATCHED_GAME,100,True,False,True,True,False,True,False,10,0,0,2,0,0,0,3,51,4,7,GOLD,3095,3026,3006,3085,3031,3094,3363,13,8,8,6,2,3,741,1,0,0,0,0,214343,1622,191731,20989,1432,27413,823,24027,2562,6358,2,11656,14678,8723,22,13,25572,15660,9679,232,17705,16700,2,236,16,4,4,297,17,0,0,6,4,False,False,False,True,False,False,0,0,0,0,0,0,0,0,0,0,0,0,0,0,8021.0,2343.0,0.0,0.0,9111.0,962.0,420.0,0.0,9104.0,11.0,0.0,0.0,8014.0,444.0,0.0,0.0,8233.0,21.0,30.0,0.0,8237.0,182.0,0.0,0.0,8000.0,8200.0,,,,6.7,7.4,6.2,548.7,346.7000000000001,497.8,570.3,346.4,422.7,-0.8999999999999999,1.3,-1.9,151.25000000000003,41.7,-339.6500000000001,585.0,275.7,832.1999999999998,-9.349999999999936,-35.05000000000001,64.0,BOTTOM,DUO_CARRY,5.2,359.0,477.2,1136.6,-2.3,-108.7,-16.100000000000136
88,517793295,LA1,1516570412563,1222,420,11,11,8.1.214.5847,CLASSIC,MATCHED_GAME,200,True,False,True,True,False,False,True,9,0,0,1,0,1,0,10,59,4,11,GOLD,1409,2031,3111,2055,3083,0,3341,4,0,9,4,1,1,0,0,0,0,0,0,83854,19094,55524,9235,0,4721,1027,3465,229,6902,1,10650,13256,2874,18,10,16434,2651,13507,276,8672,6675,0,18,91,57,5,366,11,1,0,7,2,False,False,False,False,False,True,0,0,0,0,0,0,0,0,0,0,0,0,0,0,8112.0,636.0,0.0,0.0,8143.0,147.0,0.0,0.0,8138.0,11.0,0.0,0.0,8105.0,5.0,0.0,0.0,9111.0,821.0,0.0,0.0,9104.0,15.0,10.0,0.0,8100.0,8000.0,,,,1.2000000000000002,0.4,,469.0,343.4,,473.8,319.8,,0.5,-0.09999999999999998,,139.39999999999998,33.30000000000001,,962.2,618.3,,-116.8,-175.80000000000004,,JUNGLE,NONE,,,,,,,
62,614019404,LA1,1538692284892,197,420,11,11,8.19.246.5109,CLASSIC,MATCHED_GAME,200,False,False,False,False,False,False,False,0,0,0,0,0,0,0,6,412,4,3,GOLD,3301,2003,0,0,0,0,3340,0,0,0,0,0,0,0,0,0,0,0,0,407,206,200,0,0,176,89,86,0,0,0,102,0,0,0,0,271,20,251,0,761,500,0,1,0,0,0,0,2,0,0,0,0,,,,,,,0,0,0,0,0,0,0,0,0,0,0,0,0,0,8465.0,0.0,0.0,0.0,8473.0,15.0,0.0,0.0,8429.0,0.0,0.0,0.0,8451.0,2.0,0.0,0.0,8304.0,0.0,0.0,0.0,8347.0,0.0,0.0,0.0,8400.0,8300.0,,,,,,,,,,,,,,,,,,,,,,,,,NONE,DUO,,,,,,,
98,478344211,LA1,1507658443871,1370,420,11,9,7.19.203.1070,CLASSIC,MATCHED_GAME,200,False,True,False,False,False,False,False,0,0,0,0,0,0,0,10,19,4,11,PLATINUM,1413,3077,1036,3111,1028,0,3341,1,8,3,0,1,0,598,0,0,0,0,0,53906,14603,35319,3984,0,5096,3128,1634,334,7791,1,13765,1128,0,9,17,21757,6436,14448,872,6061,5625,0,15,41,24,0,422,9,1,0,4,0,False,False,False,False,False,False,0,0,0,0,0,0,0,0,0,0,0,0,0,0,,,,,,,,,,,,,,,,,,,,,,,,,,,,,,1.4,0.0,,265.2,306.8,,266.3,235.6,,-1.1,-0.30000000000000004,,-328.4000000000001,-70.3,,1258.4,706.9000000000002,,272.7,14.600000000000026,,JUNGLE,NONE,,,,,,,
43,636354217,LA1,1543650236174,2171,420,11,12,8.23.254.717,CLASSIC,MATCHED_GAME,100,True,False,True,True,False,True,True,10,1,1,2,0,1,0,4,58,4,12,GOLD,3053,3748,3065,3071,3111,0,3363,8,5,12,4,2,2,893,1,0,0,0,0,177489,8812,156621,12055,0,32955,3172,29647,136,13841,1,36732,8323,7190,28,39,46612,9120,33122,4369,15464,14875,1,207,16,8,4,128,17,1,0,10,3,False,False,False,False,False,True,0,0,0,0,0,0,0,0,0,0,0,0,0,0,8005.0,4199.0,2286.0,1913.0,9111.0,2672.0,400.0,0.0,9104.0,16.0,40.0,0.0,8014.0,468.0,0.0,0.0,8473.0,601.0,0.0,0.0,8453.0,1049.0,300.0,0.0,8000.0,8400.0,5005.0,5002.0,5002.0,7.199999999999998,6.0,5.6,481.8,442.0,590.3,387.8,338.0,536.6,3.4,1.5,3.1,67.99999999999997,125.9,144.6,1120.8,512.5,1578.6,7.599999999999965,-1.5000000000000284,239.20000000000005,TOP,SOLO,2.0,385.2,309.2,1897.0,-4.2,-372.00000000000006,1280.4
54,622316802,LA1,1540534625631,1415,420,11,11,8.21.250.9462,CLASSIC,MATCHED_GAME,100,True,True,True,True,False,True,True,10,0,0,2,0,1,0,1,412,4,3,GOLD,3069,3109,3117,3105,0,0,3340,0,1,16,0,0,0,1409,0,0,0,0,0,16373,13483,2889,0,0,10421,8733,1687,0,1160,1,11229,2107,1266,19,42,12340,6329,5016,995,7230,5675,0,4,0,0,0,104,12,1,0,7,1,False,False,False,False,False,True,0,0,0,0,0,0,0,0,0,0,0,0,0,0,8465.0,1035.0,0.0,0.0,8473.0,351.0,0.0,0.0,8429.0,57.0,18.0,12.0,8451.0,130.0,0.0,0.0,8304.0,9.0,0.0,0.0,8347.0,0.0,0.0,0.0,8400.0,8300.0,,,,0.1,0.1,,474.6,333.8,,361.4,194.0,,1.65,-0.10000000000000007,,186.75,54.85,,684.1,204.2,,-134.54999999999993,-71.10000000000002,,BOTTOM,DUO_SUPPORT,,,,,,,
24,651767606,LA1,1547187550521,2054,420,11,12,9.1.257.7563,CLASSIC,MATCHED_GAME,200,False,False,False,False,False,False,False,4,0,0,0,0,0,0,9,14,4,12,GOLD,3111,3193,3110,3075,3082,0,3363,4,5,8,4,1,1,1016,0,0,0,0,0,113548,23240,86958,3350,32,11791,2986,8805,0,3424,1,55277,3573,2244,15,26,28380,7742,14466,6171,10800,10650,0,156,0,0,0,2458,15,0,0,7,0,False,False,False,False,False,False,0,0,0,0,0,0,0,0,0,0,0,0,0,0,8437.0,1023.0,759.0,0.0,8446.0,1240.0,0.0,0.0,8429.0,70.0,26.0,14.0,8451.0,184.0,0.0,0.0,8304.0,8.0,3.0,0.0,8352.0,89.0,450.0,0.0,8400.0,8300.0,5008.0,5002.0,5001.0,6.7,5.4,3.0,570.4,382.8,376.7000000000001,356.6,250.2,316.7000000000001,0.5,0.2999999999999998,-1.4999999999999998,45.19999999999999,-32.80000000000001,-0.09999999999999433,868.1,453.3,650.7,76.39999999999998,-5.900000000000006,-743.5,TOP,SOLO,,,,,,,
73,606468351,LA1,1537080309772,2259,420,11,11,8.18.244.9800,CLASSIC,MATCHED_GAME,100,True,False,True,True,True,True,True,10,0,1,4,0,1,0,2,516,4,12,GOLD,3001,3143,3047,3025,1011,1028,3363,3,7,20,2,1,1,496,0,0,0,0,0,127838,53143,69587,5107,0,16193,8078,7615,500,1483,1,38466,5779,2922,14,42,24539,6607,13932,3998,12943,12050,1,169,4,4,0,981,18,0,0,5,1,False,False,True,False,False,True,0,0,0,0,0,0,0,0,0,0,0,0,0,0,8437.0,863.0,725.0,0.0,8473.0,640.0,0.0,0.0,8444.0,1397.0,0.0,0.0,8453.0,386.0,1286.0,0.0,8226.0,250.0,627.0,0.0,8210.0,0.0,0.0,0.0,8400.0,8200.0,,,,4.6,5.2,4.6,393.1,447.3,533.4,310.0,250.8,331.7,-2.0,1.5000000000000002,-3.7,-166.8,38.40000000000001,-58.80000000000004,554.3,562.9,768.5,-227.79999999999995,91.00000000000004,-164.5,TOP,SOLO,3.6,468.6,399.8,1030.4,-1.8000000000000005,35.80000000000001,-319.3999999999998
33,646763868,LA1,1545980780807,1778,420,11,12,8.24.255.8524,CLASSIC,MATCHED_GAME,200,False,False,True,False,False,False,False,3,0,0,1,0,0,0,9,72,4,11,GOLD,1401,2031,3111,3025,3211,1033,3364,3,5,4,2,1,1,879,0,0,0,0,0,113480,52250,56526,4704,0,6999,2358,3641,999,6399,1,31369,6824,170,10,37,25034,9178,15321,533,8918,8175,0,18,103,81,4,723,13,1,0,4,1,False,False,False,False,False,False,0,0,0,0,0,0,0,0,0,0,0,0,0,0,8124.0,0.0,0.0,0.0,8126.0,496.0,0.0,0.0,8120.0,0.0,8.0,0.0,8134.0,19.0,4.0,0.0,8234.0,5830.0,0.0,0.0,8232.0,3.0,40.0,0.0,8100.0,8200.0,5008.0,5008.0,5002.0,0.8,0.1,,589.2,243.3,,383.7000000000001,219.7,,0.2,-0.4,,204.7,-57.00000000000002,,819.0999999999998,608.3,,-62.200000000000045,20.0,,JUNGLE,NONE,,,,,,,
1,660826760,LA1,1549172109432,1581,420,11,13,9.2.261.2172,CLASSIC,MATCHED_GAME,100,True,False,False,True,False,True,False,11,0,0,2,0,0,0,4,202,4,7,GOLD,1055,3094,3095,3009,3031,0,3363,12,2,11,8,2,2,651,1,0,0,0,0,126987,9145,115508,2333,1365,22335,1346,20445,544,3261,2,5639,13193,10620,10,17,9806,1672,7369,764,12280,10400,1,156,8,4,0,182,14,0,0,4,1,False,False,False,False,False,True,0,0,0,0,0,0,0,0,0,0,0,0,0,0,8021.0,1576.0,0.0,0.0,9101.0,1286.0,1701.0,0.0,9104.0,12.0,50.0,0.0,8014.0,537.0,0.0,0.0,8233.0,12.0,50.0,0.0,8236.0,14.0,0.0,0.0,8000.0,8200.0,5005.0,5008.0,5001.0,6.1,6.6,,501.9,319.3,,459.7,305.4,,-0.9999999999999998,-0.1499999999999997,,91.50000000000004,15.800000000000026,,479.6,183.7,,-334.35,-100.05000000000004,,BOTTOM,DUO_CARRY,,,,,,,
0,707996522,LA1,1560060785604,1947,420,11,13,9.11.275.6613,CLASSIC,MATCHED_GAME,200,False,True,False,False,False,True,False,1,0,0,1,0,0,0,10,412,4,7,GOLD,2003,3107,3069,3111,3082,1029,3364,0,6,9,0,0,0,793,0,0,0,0,0,19532,15176,3853,503,0,7417,6428,988,0,1416,3,12679,3461,2752,40,34,19809,10350,6750,2709,6711,6150,0,8,0,0,0,121,13,2,0,22,0,False,False,False,False,False,False,0,0,0,0,0,0,0,0,0,0,0,0,0,0,8465.0,2024.0,0.0,0.0,8446.0,914.0,0.0,0.0,8473.0,974.0,0.0,0.0,8242.0,7.0,0.0,0.0,8304.0,12.0,0.0,0.0,8347.0,0.0,0.0,0.0,8400.0,8300.0,5008.0,5008.0,5002.0,0.1,0.1,0.6,283.0,238.1,420.1,218.3,144.3,215.1,-1.7,-0.9999999999999996,0.0,-117.45000000000002,-41.549999999999976,-52.95000000000002,408.4,339.7,1000.3,-19.34999999999997,89.85000000000002,39.950000000000045,BOTTOM,DUO_SUPPORT,,,,,,,
36,646751971,LA1,1545973850194,1476,420,11,12,8.24.255.8524,CLASSIC,MATCHED_GAME,200,True,True,True,True,False,True,False,10,0,0,3,0,0,0,10,201,4,3,GOLD,3401,3107,3109,0,3117,1029,3364,3,1,20,3,1,1,197,0,0,0,0,0,29405,7837,11498,10069,0,6878,5121,1676,80,7298,7,19007,5720,5262,16,34,17441,6145,10564,731,9131,7225,1,43,0,0,0,145,12,1,0,8,1,False,False,False,True,False,True,0,0,0,0,0,0,0,0,0,0,0,0,0,0,8465.0,2416.0,0.0,0.0,8446.0,2756.0,0.0,0.0,8429.0,59.0,16.0,10.0,8451.0,136.0,0.0,0.0,8304.0,8.0,0.0,0.0,8347.0,0.0,0.0,0.0,8400.0,8300.0,5007.0,5002.0,5001.0,2.2,1.4,,412.9,285.9,,430.5,268.70000000000005,,0.9500000000000002,0.09999999999999988,,58.850000000000016,29.75000000000001,,917.7,371.5,,158.6499999999999,-26.450000000000006,,BOTTOM,DUO_SUPPORT,,,,,,,
16,652393973,LA1,1547345379028,1144,420,11,12,9.1.257.7563,CLASSIC,MATCHED_GAME,100,True,True,True,True,False,True,True,11,0,0,1,0,1,0,2,6,4,12,GOLD,2403,2033,3071,3111,3024,0,3340,2,4,1,2,2,1,617,1,0,0,0,0,62277,33,60013,2231,0,8045,33,7805,205,744,1,8454,2767,2767,0,9,10977,5565,4978,432,6069,5200,0,106,0,0,0,118,11,0,0,0,0,False,False,False,False,False,False,0,0,0,0,0,0,0,0,0,0,0,0,0,0,8360.0,2.0,0.0,0.0,8304.0,10.0,0.0,0.0,8316.0,315.0,0.0,0.0,8352.0,147.0,750.0,389.0,8233.0,5.0,30.0,0.0,8236.0,4.0,0.0,0.0,8300.0,8200.0,5005.0,5008.0,5001.0,,5.9,,,461.1,,,219.1,,,-0.2,,,79.35999999999999,,,341.4,,,2.0000000000000284,,NONE,DUO_SUPPORT,,,,,,,
26,649558630,LA1,1546664517300,2174,420,11,12,8.24.255.8524,CLASSIC,MATCHED_GAME,200,False,False,False,False,False,True,True,7,0,0,3,0,1,0,9,36,4,12,GOLD,3068,3065,3111,3075,1011,3067,3363,4,7,8,4,1,1,803,0,0,0,0,0,137618,99857,34685,3075,31,26065,21132,4933,0,9519,1,62205,6737,6737,13,20,48004,21151,23414,3438,12108,12000,1,180,6,0,2,500,16,0,0,7,1,False,False,False,False,False,False,0,0,0,0,0,0,0,0,0,0,0,0,0,0,8437.0,1653.0,1290.0,0.0,8446.0,2975.0,0.0,0.0,8429.0,72.0,20.0,14.0,8451.0,229.0,0.0,0.0,8304.0,10.0,0.0,0.0,8352.0,104.0,525.0,0.0,8400.0,8300.0,5008.0,5002.0,5001.0,6.699999999999998,6.0,4.0,582.3,431.6,392.4,402.5,231.7,396.6,-0.10000000000000007,0.5,0.5999999999999999,90.8,4.300000000000011,19.5,930.8,364.3,1946.3,193.6,22.800000000000026,713.9,TOP,SOLO,2.2,339.8,224.4,2310.8,-3.6,-268.99999999999994,1143.6
17,652369290,LA1,1547342960374,1730,420,11,12,9.1.257.7563,CLASSIC,MATCHED_GAME,200,True,True,True,True,True,True,True,11,1,1,3,0,1,0,8,516,4,12,GOLD,3387,3083,3111,1028,1029,3076,3363,5,3,11,5,1,1,958,0,0,0,0,0,113995,40622,58992,14380,26,18567,11444,7122,0,2192,1,29361,11246,7214,11,41,25858,9543,13744,2570,10214,8725,0,131,8,4,4,670,16,1,0,4,1,False,False,False,False,False,True,0,0,0,0,0,0,0,0,0,0,0,0,0,0,8437.0,999.0,762.0,0.0,8446.0,3313.0,0.0,0.0,8429.0,65.0,22.0,12.0,8451.0,193.0,0.0,0.0,8304.0,9.0,0.0,0.0,8352.0,44.0,225.0,0.0,8400.0,8300.0,5008.0,5002.0,5001.0,6.199999999999998,4.699999999999998,,621.7,380.6,,363.3,226.7,,0.5,-4.440892098500626e-16,,209.4,-40.10000000000002,,521.6,455.8,,-439.5,-192.9,,TOP,SOLO,,,,,,,
42,646151121,LA1,1545856184565,1875,420,11,12,8.24.255.8524,CLASSIC,MATCHED_GAME,200,True,False,False,True,True,False,True,7,0,1,2,0,1,0,7,14,4,12,GOLD,2055,3068,3025,1054,3111,3194,3340,5,5,14,3,1,1,872,0,0,0,0,0,105656,29644,75413,598,0,17808,5858,11771,177,3298,1,46742,7583,3522,10,44,28434,9441,18308,685,11240,10250,2,152,8,0,0,864,16,2,0,5,1,False,False,False,False,False,True,0,0,0,0,0,0,0,0,0,0,0,0,0,0,8437.0,1445.0,1215.0,0.0,8446.0,1679.0,0.0,0.0,8429.0,68.0,19.0,14.0,8451.0,211.0,0.0,0.0,8304.0,10.0,0.0,0.0,8352.0,135.0,675.0,0.0,8400.0,8300.0,5008.0,5008.0,5002.0,7.3,4.8,2.9,653.8,369.4,459.6,417.1,191.0,393.4,0.5,-1.0000000000000004,-1.3000000000000005,214.7,-112.30000000000004,-1.4999999999999716,753.0,562.6,1151.4,157.9,309.8,97.20000000000003,TOP,SOLO,,,,,,,
61,614051973,LA1,1538692954360,1330,420,11,11,8.19.246.5109,CLASSIC,MATCHED_GAME,200,False,True,False,False,False,True,False,0,0,0,1,0,0,0,7,412,4,3,GOLD,3069,3117,3801,1004,1004,0,3340,1,6,6,0,1,0,618,0,0,0,0,0,11370,8852,2494,23,0,4488,3566,922,0,0,0,8634,1307,166,17,24,14961,5129,8581,1250,4866,3550,0,8,0,0,0,90,10,2,0,7,1,False,False,False,False,False,False,0,0,0,0,0,0,0,0,0,0,0,0,0,0,8465.0,1622.0,0.0,0.0,8473.0,570.0,0.0,0.0,8429.0,54.0,12.0,10.0,8451.0,84.0,0.0,0.0,8304.0,8.0,3.0,0.0,8347.0,0.0,0.0,0.0,8400.0,8300.0,,,,0.5,0.1,,247.8,305.1,,210.0,170.9,,2.220446049250313e-16,-0.24999999999999975,,-148.85,38.35000000000001,,908.3,345.0,,357.65,28.199999999999967,,BOTTOM,DUO_SUPPORT,,,,,,,
5,660737917,LA1,1549161722463,1144,420,11,13,9.2.261.2172,CLASSIC,MATCHED_GAME,200,True,True,True,False,False,True,False,4,0,0,1,0,0,0,7,113,4,11,GOLD,1401,2031,1028,3117,3082,3024,3364,4,1,5,3,1,1,968,0,0,0,0,0,74033,32107,36827,5098,0,4070,1851,1820,398,4098,3,8007,5046,1118,17,12,12337,1387,10532,416,7167,5925,0,25,72,53,4,571,11,1,0,3,4,False,False,False,True,,,0,0,0,0,0,0,0,0,0,0,0,0,0,0,8439.0,158.0,0.0,0.0,8463.0,206.0,0.0,0.0,8473.0,84.0,0.0,0.0,8453.0,364.0,13.0,0.0,8014.0,86.0,0.0,0.0,9104.0,15.0,30.0,0.0,8400.0,8000.0,5005.0,5008.0,5002.0,,0.2,,,296.2,,,248.2,,,0.4599999999999997,,,20.94000000000001,,,595.0,,,-50.58000000000003,,NONE,DUO_SUPPORT,,,,,,,
99,468622467,LA1,1505365019542,1803,420,11,9,7.18.201.9160,CLASSIC,MATCHED_GAME,200,True,True,True,True,False,True,False,9,0,0,1,0,0,0,10,36,4,11,PLATINUM,1413,3082,3083,3111,3076,0,3364,5,4,9,2,1,2,871,0,0,0,0,0,124883,76861,42538,5484,14,19559,12181,6350,1028,14059,5,28814,1682,468,14,16,40888,11421,27343,2123,11157,8500,0,22,87,50,12,635,14,0,0,4,2,False,False,False,False,False,False,0,0,0,0,0,0,0,0,0,0,0,0,0,0,,,,,,,,,,,,,,,,,,,,,,,,,,,,,,0.1,0.3,1.8,414.1,337.2,478.9,338.7000000000001,269.8,456.5,-0.7,0.3,1.1,-6.4999999999999725,65.19999999999999,-139.10000000000002,1378.8000000000004,537.0,2173.0,539.4000000000002,45.1,884.0,JUNGLE,NONE,,,,,,,
2,660830172,LA1,1549169532070,1531,420,11,13,9.2.261.2172,CLASSIC,MATCHED_GAME,200,False,False,False,False,False,False,False,0,0,0,0,0,0,0,10,113,4,11,GOLD,1401,2031,3117,3083,1033,1029,3364,2,5,1,0,1,0,489,0,0,0,0,0,94841,36826,41693,16321,0,4316,2024,2040,252,6501,3,16864,2012,0,12,15,26543,9588,16042,912,7746,7225,0,21,86,78,0,461,11,1,0,5,2,False,False,False,False,,,0,0,0,0,0,0,0,0,0,0,0,0,0,0,8439.0,924.0,0.0,0.0,8463.0,212.0,0.0,0.0,8473.0,255.0,0.0,0.0,8453.0,587.0,0.0,0.0,8014.0,114.0,0.0,0.0,9104.0,0.0,0.0,0.0,8400.0,8000.0,5005.0,5008.0,5002.0,1.5,0.1,,389.7000000000001,321.3,,316.0,299.0,,-0.2,-0.7000000000000001,,-6.400000000000006,-30.099999999999994,,1028.3000000000004,690.7,,18.500000000000114,-26.599999999999966,,JUNGLE,NONE,,,,,,,
13,652880062,LA1,1547447692923,199,420,11,12,9.1.257.7563,CLASSIC,MATCHED_GAME,100,False,True,False,False,False,False,False,0,0,0,0,0,0,0,5,516,4,12,GOLD,0,0,0,0,0,0,0,0,0,0,0,0,0,0,0,0,0,0,0,0,0,0,0,0,0,0,0,0,0,0,0,0,0,0,0,0,0,0,0,682,0,0,0,0,0,0,0,1,0,0,0,0,False,False,,,,,0,0,0,0,0,0,0,0,0,0,0,0,0,0,8437.0,0.0,0.0,0.0,8446.0,0.0,0.0,0.0,8429.0,0.0,0.0,0.0,8451.0,0.0,0.0,0.0,8304.0,0.0,0.0,0.0,8352.0,0.0,0.0,0.0,8400.0,8300.0,5008.0,5002.0,5001.0,,,,,,,,,,,,,,,,,,,,,,NONE,DUO,,,,,,,
57,618324155,LA1,1539574946317,2795,420,11,11,8.20.249.1952,CLASSIC,MATCHED_GAME,200,False,False,False,True,True,True,False,6,0,2,3,0,0,0,7,412,4,3,GOLD,3069,3107,3190,3117,3110,3067,3364,1,10,12,0,1,0,574,0,0,0,0,0,25201,18263,3599,3338,0,10662,8066,1047,1548,7332,6,34846,3225,1116,68,50,29251,3711,20492,5047,11936,10225,1,20,0,0,0,872,16,1,0,31,10,False,False,False,False,False,False,0,0,0,0,0,0,0,0,0,0,0,0,0,0,8465.0,4297.0,0.0,0.0,8473.0,524.0,0.0,0.0,8429.0,78.0,18.0,13.0,8451.0,225.0,0.0,0.0,8304.0,9.0,0.0,0.0,8347.0,0.0,0.0,0.0,8400.0,8300.0,,,,0.7,0.5,0.2,278.6,244.3,468.2000000000001,242.3,161.0,310.8,0.2999999999999998,0.3999999999999999,2.2,25.000000000000032,9.099999999999994,250.85000000000005,381.4,335.1,568.5999999999998,257.55,190.0,115.55,BOTTOM,DUO_SUPPORT,0.3333333333333333,349.8,256.8666666666666,838.6666666666665,0.7666666666666663,-104.5,410.5
7,660704695,LA1,1549157041935,2136,420,11,13,9.2.261.2172,CLASSIC,MATCHED_GAME,200,True,False,False,False,True,False,False,8,0,1,1,0,0,0,9,59,4,11,GOLD,1412,3143,3047,3110,0,0,3363,2,9,16,2,1,1,656,0,0,0,0,0,147487,13485,123664,10336,0,12918,1308,11381,228,6461,1,29607,3343,496,9,18,29069,6184,19050,3833,10785,10000,1,48,92,64,16,2398,16,1,0,5,0,False,False,False,False,False,False,0,0,0,0,0,0,0,0,0,0,0,0,0,0,8112.0,944.0,0.0,0.0,8143.0,263.0,0.0,0.0,8138.0,18.0,0.0,0.0,8105.0,14.0,5.0,0.0,9104.0,19.0,30.0,0.0,9111.0,675.0,360.0,0.0,8100.0,8000.0,5005.0,5008.0,5002.0,1.1,0.1,2.0,316.9,365.5,507.1,216.2,282.0,290.2,-0.7,0.0,1.3,-123.5,28.700000000000006,-60.09999999999997,926.1,666.3,857.0999999999998,-195.4,283.2000000000001,-455.10000000000014,JUNGLE,NONE,3.0,701.0,377.4,652.4,2.4,266.4,-1367.8000000000004
94,478857508,LA1,1507754946572,1752,420,11,9,7.20.204.9809,CLASSIC,MATCHED_GAME,200,False,True,False,False,False,True,False,2,0,0,2,0,0,0,8,18,4,21,PLATINUM,3031,3006,3085,3086,1042,0,3363,2,6,5,0,1,0,609,0,0,0,0,0,112153,18006,92928,1218,416,10274,2025,7814,434,2579,1,8863,6529,2485,9,5,17719,7605,9441,672,9579,9200,0,172,1,1,0,189,13,0,0,7,2,False,False,False,False,False,False,0,0,0,0,0,0,0,0,0,0,0,0,0,0,,,,,,,,,,,,,,,,,,,,,,,,,,,,,,6.2,5.8,,353.3,285.1,,310.3,221.2,,-0.55,-0.7000000000000002,,-41.14999999999995,-38.35000000000001,,581.3,323.7000000000001,,-46.6,-8.649999999999949,,BOTTOM,DUO_CARRY,,,,,,,
91,482545192,LA1,1508623307491,1718,420,11,9,7.20.204.9809,CLASSIC,MATCHED_GAME,200,False,False,False,False,False,False,False,0,0,0,0,0,0,0,6,3,4,12,PLATINUM,3001,3075,3751,0,2055,3111,3340,1,9,6,0,1,0,632,0,0,0,0,0,101036,95245,5790,0,30,12297,11890,407,0,1785,1,33903,336,336,7,34,25121,8124,15965,1031,9106,8600,0,171,1,0,1,199,14,2,0,6,0,False,False,False,False,False,False,0,0,0,0,0,0,0,0,0,0,0,0,0,0,,,,,,,,,,,,,,,,,,,,,,,,,,,,,,4.9,5.9,,360.8,385.0,,256.0,235.4,,-1.2000000000000002,-1.7000000000000004,,-156.69999999999996,-49.70000000000002,,912.6,278.1,,212.8,-212.9,,TOP,SOLO,,,,,,,
12,656301954,LA1,1548310699124,2210,420,11,12,9.1.257.7563,CLASSIC,MATCHED_GAME,200,False,False,True,False,False,True,False,4,0,0,1,0,0,0,10,412,4,3,GOLD,3069,3109,3190,3117,3801,3114,3364,3,6,12,2,1,1,1169,0,0,0,0,0,17579,15064,2484,30,0,10585,9363,1222,0,2101,1,28960,1229,1229,56,42,26514,9179,14158,3177,9062,8500,0,10,0,0,0,126,13,2,0,21,6,False,False,False,False,False,False,0,0,0,0,0,0,0,0,0,0,0,0,0,0,8465.0,3554.0,0.0,0.0,8446.0,600.0,0.0,0.0,8429.0,72.0,15.0,13.0,8451.0,140.0,0.0,0.0,8304.0,9.0,0.0,0.0,8347.0,0.0,0.0,0.0,8400.0,8300.0,5007.0,5002.0,5001.0,0.5,0.2,0.30000000000000004,353.8,243.0,284.6,311.5,182.8,205.6,,,,,,,522.8,263.8,1043.4,,,,BOTTOM,DUO_SUPPORT,0.0,463.8,263.6,1000.0,,,
66,613988025,LA1,1538685931920,212,420,11,11,8.19.246.5109,CLASSIC,MATCHED_GAME,200,False,False,False,False,False,False,False,0,0,0,0,0,0,0,10,56,4,11,GOLD,1041,2031,0,0,0,0,3340,0,0,0,0,0,0,0,0,0,0,0,0,0,0,0,0,0,0,0,0,0,0,0,0,0,0,0,0,0,0,0,0,709,500,0,0,0,0,0,0,1,0,0,0,0,False,False,,,,,0,0,0,0,0,0,0,0,0,0,0,0,0,0,8021.0,0.0,0.0,0.0,9111.0,0.0,0.0,0.0,9104.0,0.0,0.0,0.0,8014.0,0.0,0.0,0.0,8143.0,0.0,0.0,0.0,8135.0,0.0,0.0,0.0,8000.0,8100.0,,,,,,,,,,,,,,,,,,,,,,,,,NONE,DUO,,,,,,,
35,646746519,LA1,1545975899514,2027,420,11,12,8.24.255.8524,CLASSIC,MATCHED_GAME,200,True,True,False,False,True,True,False,8,1,1,2,0,0,0,7,516,4,12,GOLD,3025,3075,3083,3111,1057,0,3363,4,5,13,0,1,0,1216,0,0,0,0,0,108779,51475,54666,2637,23,19758,12386,7340,32,991,1,52667,6417,4097,21,41,26600,6559,17332,2708,11449,10870,2,155,4,4,0,657,17,2,0,7,4,False,False,False,False,False,False,0,0,0,0,0,0,0,0,0,0,0,0,0,0,8437.0,1275.0,912.0,0.0,8446.0,1542.0,0.0,0.0,8429.0,70.0,21.0,14.0,8451.0,201.0,0.0,0.0,8304.0,10.0,0.0,0.0,8352.0,60.0,300.0,0.0,8400.0,8300.0,5008.0,5002.0,5002.0,5.8,7.6,1.6,448.1,494.2,378.7,342.8,252.7,326.2000000000001,-0.6000000000000005,0.20000000000000065,-2.3,-44.79999999999998,56.0,-63.70000000000002,535.8,239.6,1389.9,-143.5,-75.6,387.30000000000007,TOP,SOLO,,,,,,,
97,478366160,LA1,1507660804236,1961,420,11,9,7.19.203.1070,CLASSIC,MATCHED_GAME,200,True,True,False,False,True,True,True,10,1,1,2,0,1,0,8,27,6,12,PLATINUM,3116,3024,3151,3047,3075,3082,3363,5,10,12,0,1,0,300,0,0,0,0,0,168043,162390,5430,224,39,24273,23341,804,128,1498,1,28218,359,359,22,34,29342,4669,23338,1334,13640,12525,0,221,4,2,0,7778,17,1,0,8,2,True,False,False,False,False,False,0,0,0,0,0,0,0,0,0,0,0,0,0,0,,,,,,,,,,,,,,,,,,,,,,,,,,,,,,6.0,5.4,8.0,433.2,381.4,661.2,381.5,302.2000000000001,483.1,-0.10000000000000007,-1.6,5.1000000000000005,-81.0,-80.69999999999995,290.2000000000001,717.9,655.7,1223.0,-669.0,-152.8,-633.8000000000002,TOP,SOLO,,,,,,,
60,618265510,LA1,1539567274002,200,420,11,11,8.20.249.1952,CLASSIC,MATCHED_GAME,200,False,False,False,False,False,False,False,0,0,0,0,0,0,0,9,412,4,3,GOLD,0,0,0,0,0,0,0,0,0,0,0,0,0,0,0,0,0,0,0,0,0,0,0,0,0,0,0,0,0,0,0,0,0,0,0,0,0,0,0,685,0,0,0,0,0,0,0,1,0,0,0,0,,,,,,,0,0,0,0,0,0,0,0,0,0,0,0,0,0,8465.0,0.0,0.0,0.0,8473.0,0.0,0.0,0.0,8429.0,0.0,0.0,0.0,8451.0,0.0,0.0,0.0,8304.0,0.0,0.0,0.0,8347.0,0.0,0.0,0.0,8400.0,8300.0,,,,,,,,,,,,,,,,,,,,,,,,,NONE,DUO,,,,,,,
47,626342829,LA1,1541394462885,1405,420,11,11,8.21.251.4430,CLASSIC,MATCHED_GAME,200,False,False,False,False,False,False,False,0,0,0,0,0,0,0,10,222,4,7,GOLD,3095,1055,3006,2015,3086,1036,3363,3,5,3,3,2,1,515,1,0,0,0,0,54910,600,54310,0,419,4798,90,4707,0,870,1,3402,250,0,3,5,10927,5719,5200,8,7338,7300,0,137,0,0,0,41,11,0,0,2,1,False,False,False,False,,,0,0,0,0,0,0,0,0,0,0,0,0,0,0,8008.0,0.0,50.0,0.0,9101.0,166.0,379.0,0.0,9103.0,16.0,30.0,0.0,8014.0,68.0,0.0,0.0,8233.0,13.0,40.0,0.0,8236.0,14.0,0.0,0.0,8000.0,8200.0,,,,7.1,4.7,,509.7000000000001,225.9,,382.0,204.3,,-0.20000000000000015,-0.45,,46.85,-76.25000000000004,,496.4,358.6,,-20.999999999999968,82.35,,BOTTOM,DUO_CARRY,,,,,,,
93,478871262,LA1,1507757275111,2226,420,11,9,7.20.204.9809,CLASSIC,MATCHED_GAME,100,False,False,False,False,False,False,False,5,0,0,1,0,0,0,1,62,4,11,PLATINUM,1412,3190,3742,3155,3111,0,3341,3,7,11,0,1,0,751,0,0,0,0,0,142546,8357,125964,8225,0,14548,1414,12660,472,10065,1,45305,9103,1107,14,17,40627,16243,23178,1206,12133,10350,1,42,97,64,5,523,16,1,0,3,2,False,False,False,False,False,False,0,0,0,0,0,0,0,0,0,0,0,0,0,0,,,,,,,,,,,,,,,,,,,,,,,,,,,,,,1.2,0.0,1.7999999999999998,535.5,272.5,431.9,383.8,219.0,372.5,-0.1,-0.4,1.6,218.2,-85.49999999999999,33.30000000000001,965.7,624.8,1553.5,-125.7,-184.0,641.2,JUNGLE,NONE,1.8,350.8,275.6,1391.2,0.2,-122.59999999999997,578.0
4,660773384,LA1,1549163644596,1469,420,11,13,9.2.261.2172,CLASSIC,MATCHED_GAME,200,True,True,True,True,True,False,True,9,0,1,1,0,1,0,10,113,4,11,GOLD,2421,1031,1401,3083,3117,1057,3364,5,2,7,4,1,1,1131,0,0,0,0,0,105688,48502,50996,6189,0,9055,4315,4525,214,5810,5,15777,14098,1668,16,20,22777,8354,14015,407,9823,8595,1,44,80,55,12,478,13,1,0,5,5,False,False,False,False,False,False,0,0,0,0,0,0,0,0,0,0,0,0,0,0,8439.0,299.0,0.0,0.0,8463.0,855.0,0.0,0.0,8473.0,546.0,0.0,0.0,8453.0,544.0,0.0,0.0,8014.0,229.0,0.0,0.0,9104.0,15.0,10.0,0.0,8400.0,8000.0,5005.0,5008.0,5002.0,3.0,0.5,,492.4,299.9,,476.5,270.9,,1.2,0.30000000000000004,,119.60000000000002,2.2999999999999687,,895.2,612.8,,-29.80000000000007,50.20000000000002,,JUNGLE,NONE,,,,,,,
50,623112469,LA1,1540709320128,1790,420,11,11,8.21.250.9462,CLASSIC,MATCHED_GAME,100,False,True,False,False,True,True,True,3,0,1,1,0,1,0,1,43,4,3,GOLD,3092,3190,3082,3117,3916,3024,3364,3,9,13,0,1,0,762,0,0,0,0,0,28218,22805,5413,0,0,9631,7996,1635,0,346,1,13737,1635,708,40,27,20269,8429,9951,1888,9079,8500,1,24,0,0,0,237,13,0,0,17,4,False,False,False,False,False,False,0,0,0,0,0,0,0,0,0,0,0,0,0,0,8214.0,678.0,340.0,0.0,8226.0,250.0,318.0,0.0,8210.0,0.0,0.0,0.0,8236.0,24.0,0.0,0.0,8345.0,4.0,0.0,0.0,8347.0,0.0,0.0,0.0,8200.0,8300.0,,,,0.4,0.8,,159.3,296.7,,190.1,228.7,,0.09999999999999988,1.15,,-118.2,22.0,,664.8,204.7,,286.65,-23.000000000000032,,BOTTOM,DUO_SUPPORT,,,,,,,
74,606483660,LA1,1537078108521,1799,420,11,11,8.18.244.9800,CLASSIC,MATCHED_GAME,100,True,True,True,True,True,True,True,9,0,1,3,0,1,0,4,31,4,12,GOLD,3075,3800,1057,3047,3083,1029,3340,5,3,7,4,1,1,869,0,0,0,0,0,118070,85635,20890,11543,0,10152,6405,1393,2352,5303,1,24399,5039,2632,10,51,29731,8966,19886,878,11499,12270,1,195,4,0,4,872,16,0,0,3,2,False,False,False,False,False,False,0,0,0,0,0,0,0,0,0,0,0,0,0,0,8229.0,959.0,0.0,0.0,8226.0,250.0,468.0,0.0,8210.0,0.0,0.0,0.0,8236.0,24.0,0.0,0.0,8138.0,19.0,0.0,0.0,8105.0,13.0,5.0,0.0,8200.0,8100.0,,,,6.2,6.7,,459.7000000000001,481.7,,320.0,288.7,,0.9000000000000004,1.4000000000000004,,10.800000000000011,38.69999999999999,,807.5999999999998,537.2,,-84.80000000000003,196.5,,TOP,SOLO,,,,,,,
34,646761308,LA1,1545978477537,1678,420,11,12,8.24.255.8524,CLASSIC,MATCHED_GAME,200,True,True,True,True,True,True,True,10,0,1,3,0,1,0,7,14,4,12,GOLD,3025,1011,3068,3067,3801,3111,3363,4,4,12,2,1,1,939,0,0,0,0,0,94313,21107,69005,4200,0,16854,4242,11817,795,4283,1,36929,3037,3037,6,39,31276,19563,10754,957,10119,9925,1,134,4,0,4,826,14,1,0,2,2,False,False,False,False,False,True,0,0,0,0,0,0,0,0,0,0,0,0,0,0,8437.0,1025.0,931.0,0.0,8446.0,1670.0,0.0,0.0,8429.0,64.0,19.0,12.0,8451.0,185.0,0.0,0.0,8304.0,9.0,3.0,0.0,8352.0,165.0,825.0,0.0,8400.0,8300.0,5008.0,5008.0,5002.0,5.6,7.1000000000000005,,490.0,443.8,,396.4,257.4,,,,,,,,1078.9,358.1,,,,,TOP,SOLO,,,,,,,
38,646362748,LA1,1545882261823,1752,420,11,12,8.24.255.8524,CLASSIC,MATCHED_GAME,200,True,False,True,True,False,True,True,10,0,0,2,0,1,0,10,14,4,12,GOLD,3111,3025,3068,3211,1033,1006,3363,2,8,15,0,1,0,698,0,0,0,0,0,81100,19016,57040,5043,0,16516,4690,11345,480,802,1,37943,8087,4906,7,41,28538,12200,14733,1604,9617,8975,1,110,0,0,0,629,14,1,0,4,1,False,False,False,False,False,True,0,0,0,0,0,0,0,0,0,0,0,0,0,0,8437.0,1044.0,839.0,0.0,8446.0,1731.0,0.0,0.0,8429.0,65.0,19.0,14.0,8451.0,168.0,0.0,0.0,8304.0,9.0,0.0,0.0,8352.0,75.0,375.0,0.0,8400.0,8300.0,5008.0,5002.0,5002.0,4.9,5.4,,477.3,427.1,,477.0,210.8,,2.0,1.1000000000000003,,66.1,49.20000000000002,,1174.7,351.0,,55.80000000000001,70.79999999999998,,TOP,SOLO,,,,,,,
72,606756171,LA1,1537130496575,1879,420,11,11,8.18.244.9800,CLASSIC,MATCHED_GAME,100,False,True,False,False,False,False,False,0,0,0,0,0,0,0,4,516,4,12,GOLD,3379,3067,3047,1011,3025,0,3340,6,9,8,2,2,2,609,1,0,0,0,0,105030,51745,45118,8166,0,20789,12877,7325,586,1498,1,45421,81,0,9,54,30796,9437,16442,4916,10658,10550,0,145,4,4,0,687,16,0,0,6,0,False,False,False,False,False,False,0,0,0,0,0,0,0,0,0,0,0,0,0,0,8437.0,1109.0,1149.0,0.0,8473.0,290.0,0.0,0.0,8444.0,1701.0,0.0,0.0,8453.0,409.0,1039.0,0.0,8226.0,250.0,433.0,0.0,8210.0,12.0,0.0,0.0,8400.0,8200.0,,,,2.9000000000000004,6.5,4.6,305.1,474.2,658.7,274.8,260.7,442.0,-2.9000000000000004,-0.6000000000000001,2.3,-225.7,13.099999999999964,314.1,1027.9,372.1,1255.1,-18.69999999999999,-130.0,-902.2,TOP,SOLO,,,,,,,
32,647282276,LA1,1546114059505,1595,420,11,12,8.24.255.8524,CLASSIC,MATCHED_GAME,200,True,True,True,True,True,True,False,10,1,1,3,0,0,0,7,150,4,12,GOLD,3022,2055,3111,3071,1011,0,3340,4,2,3,3,1,1,861,0,0,0,0,0,107039,9453,95091,2495,0,17079,3849,13230,0,5933,1,14492,7369,4687,22,27,21351,5400,15664,287,9607,8850,1,163,0,0,0,534,15,2,0,7,3,True,False,False,False,False,False,0,0,0,0,0,0,0,0,0,0,0,0,0,0,8437.0,1194.0,866.0,0.0,8446.0,1099.0,0.0,0.0,8429.0,62.0,14.0,12.0,8451.0,188.0,0.0,0.0,8304.0,9.0,3.0,0.0,8352.0,60.0,300.0,0.0,8400.0,8300.0,5005.0,5002.0,5002.0,5.8,7.1,,542.2,456.0,,360.3,276.4,,,,,,,,1018.7,260.1,,,,,TOP,DUO,,,,,,,
82,519544094,LA1,1516950603317,2002,420,11,11,8.2.215.824,CLASSIC,MATCHED_GAME,200,True,False,True,True,False,True,False,10,1,0,2,0,0,0,9,59,4,11,GOLD,1409,3075,3111,3083,3742,0,3341,12,2,17,6,2,2,886,3,0,0,0,0,145270,46461,88786,10022,33,21995,4321,16798,876,10886,1,47409,9361,3242,23,32,48724,15353,31240,2130,14679,12475,2,26,118,78,12,929,16,1,0,6,2,False,False,False,True,True,False,0,0,0,0,0,0,0,0,0,0,0,0,0,0,8112.0,1765.0,0.0,0.0,8143.0,748.0,0.0,0.0,8138.0,18.0,0.0,0.0,8105.0,5.0,0.0,0.0,9111.0,3287.0,0.0,0.0,9104.0,17.0,30.0,0.0,8100.0,8000.0,,,,0.8,0.2,1.1,413.2,353.1,583.7,356.8,275.4,543.9,0.7,0.2,-0.6000000000000001,62.89999999999999,72.39999999999998,-3.7000000000000175,924.2,634.8,2137.6,-190.1,68.0,371.19999999999993,JUNGLE,NONE,,,,,,,
81,519535706,LA1,1516952990537,1274,420,11,11,8.2.215.824,CLASSIC,MATCHED_GAME,100,False,False,False,False,False,False,False,0,0,0,0,0,0,0,3,59,4,11,GOLD,1409,2031,1001,3083,1029,1029,3341,1,5,7,0,1,0,467,0,0,0,0,0,75078,24248,44817,6012,0,4021,624,3307,89,4506,1,9615,0,0,16,9,18693,5099,12477,1116,6532,6475,0,18,81,64,4,339,11,1,0,8,2,False,False,False,False,,,0,0,0,0,0,0,0,0,0,0,0,0,0,0,8112.0,452.0,0.0,0.0,8143.0,174.0,0.0,0.0,8138.0,6.0,0.0,0.0,8105.0,5.0,0.0,0.0,9111.0,201.0,0.0,0.0,9104.0,15.0,30.0,0.0,8100.0,8000.0,,,,1.6,0.2,,440.1,278.7,,308.2000000000001,259.8,,-0.9999999999999998,0.2,,-145.29999999999995,-33.05000000000001,,1096.1999999999996,513.0999999999998,,617.3499999999998,146.85000000000005,,JUNGLE,NONE,,,,,,,
41,646155585,LA1,1545858584091,1646,420,11,12,8.24.255.8524,CLASSIC,MATCHED_GAME,200,True,True,False,True,True,True,False,10,1,1,3,0,0,0,9,98,4,12,GOLD,2003,3748,3068,3111,3211,3067,3363,4,3,17,2,1,1,480,0,0,0,0,0,115169,40213,72488,2467,0,13286,5435,7850,0,2576,1,26215,13413,8405,8,21,17789,3347,14034,408,11083,9950,0,164,4,0,0,161,16,0,0,5,0,False,False,False,False,False,True,0,0,0,0,0,0,0,0,0,0,0,0,0,0,8437.0,1173.0,840.0,0.0,8446.0,3498.0,0.0,0.0,8429.0,63.0,16.0,13.0,8451.0,200.0,0.0,0.0,8304.0,9.0,3.0,0.0,8352.0,75.0,375.0,0.0,8400.0,8300.0,5008.0,5008.0,5002.0,6.4,6.5,,584.1,459.0,,455.6,269.4,,-0.3999999999999999,0.7999999999999998,,35.400000000000034,64.30000000000001,,739.5,367.1,,312.2000000000001,70.39999999999998,,TOP,SOLO,,,,,,,
27,649540551,LA1,1546660141126,2269,420,11,12,8.24.255.8524,CLASSIC,MATCHED_GAME,100,False,False,False,False,False,True,True,4,0,0,2,0,1,0,2,516,4,12,GOLD,1054,3025,3083,3111,3379,0,3363,5,7,12,2,1,1,564,0,0,0,0,0,114679,47855,66179,644,0,20699,14045,6458,196,2531,1,70777,2503,2290,3,53,39704,8992,27054,3657,11731,11100,1,149,1,0,1,901,17,0,0,2,1,False,False,False,False,False,False,0,0,0,0,0,0,0,0,0,0,0,0,0,0,8437.0,1240.0,1194.0,0.0,8446.0,1274.0,0.0,0.0,8429.0,73.0,14.0,16.0,8451.0,229.0,0.0,0.0,8304.0,9.0,3.0,0.0,8352.0,87.0,450.0,0.0,8400.0,8300.0,5008.0,5002.0,5001.0,5.199999999999998,4.699999999999998,3.5,453.5,399.1,575.5,295.2999999999999,222.7,367.8,,,,,,,602.2,468.4,1177.6,,,,TOP,DUO,2.2,393.2,391.6,1632.8,,,
52,622803703,LA1,1540662953009,1390,420,11,11,8.21.250.9462,CLASSIC,MATCHED_GAME,200,False,False,False,False,False,False,False,0,0,0,0,0,0,0,6,98,4,3,GOLD,3096,3109,3117,0,0,0,3340,1,7,3,0,1,0,523,0,0,0,0,0,8005,1340,4105,2559,0,3742,1119,2622,0,51,1,16395,2726,0,5,20,17469,6771,9306,1391,4703,4125,0,4,0,0,0,101,10,1,0,3,1,False,False,False,False,False,False,0,0,0,0,0,0,0,0,0,0,0,0,0,0,8465.0,1528.0,0.0,0.0,8473.0,311.0,0.0,0.0,8429.0,56.0,14.0,10.0,8451.0,70.0,0.0,0.0,8304.0,9.0,3.0,0.0,8347.0,0.0,0.0,0.0,8400.0,8300.0,,,,0.2,0.2,,247.6,274.4,,181.9,187.4,,-1.9,-1.3,,-163.10000000000005,-40.09999999999997,,1133.3,223.2,,487.4,15.799999999999983,,BOTTOM,DUO_SUPPORT,,,,,,,
15,652424256,LA1,1547350459679,2049,420,11,12,9.1.257.7563,CLASSIC,MATCHED_GAME,200,False,True,False,False,False,False,False,0,0,0,2,0,0,0,10,6,4,12,GOLD,3800,3193,3082,3071,3111,3076,3363,4,11,6,0,1,0,556,0,0,0,0,0,157086,640,148030,8416,5,20331,257,19589,484,1795,1,56540,6285,0,6,16,37078,9566,26204,1307,11761,11525,0,185,8,3,0,315,16,1,0,3,1,False,False,False,False,False,False,0,0,0,0,0,0,0,0,0,0,0,0,0,0,8360.0,2.0,0.0,0.0,8304.0,10.0,0.0,0.0,8316.0,1047.0,0.0,0.0,8352.0,189.0,1062.0,629.0,8473.0,604.0,0.0,0.0,8401.0,737.0,0.0,0.0,8300.0,8400.0,5008.0,5008.0,5001.0,7.0,6.0,4.9,553.6,428.7,411.5,331.0,220.3,380.1,,,,,,,851.8,365.1,1486.3000000000004,,,,TOP,SOLO,,,,,,,
95,478854115,LA1,1507752595375,1538,420,11,9,7.20.204.9809,CLASSIC,MATCHED_GAME,100,True,True,True,True,True,True,True,11,0,1,2,0,1,0,1,51,4,21,PLATINUM,1055,3031,3085,3094,1001,0,3363,4,1,0,3,1,1,904,0,0,0,0,0,136571,2647,133087,836,1403,12705,949,11727,28,3117,1,5931,11970,9845,12,20,12456,3883,8488,84,11126,9475,4,194,6,1,5,132,13,1,0,6,0,False,False,False,False,False,True,0,0,0,0,0,0,0,0,0,0,0,0,0,0,,,,,,,,,,,,,,,,,,,,,,,,,,,,,,7.9,7.2,,391.1,310.0,,381.4,244.5,,1.3000000000000005,-0.09999999999999988,,75.0,-1.9499999999999889,,484.8,318.5,,-80.05000000000003,58.29999999999998,,BOTTOM,DUO_CARRY,,,,,,,
56,621606773,LA1,1540357153733,1581,420,11,11,8.20.249.1952,CLASSIC,MATCHED_GAME,100,True,False,True,True,False,False,True,9,0,0,2,0,1,0,1,98,4,3,GOLD,3097,2003,3109,3047,3082,3024,3364,1,2,7,0,1,0,991,0,0,0,0,0,23180,4236,12042,6900,0,5193,1752,3440,0,1807,5,12341,1019,620,27,23,9311,866,4608,3837,7084,5925,0,55,0,0,0,130,13,1,0,10,3,False,False,False,False,False,True,0,0,0,0,0,0,0,0,0,0,0,0,0,0,8465.0,1092.0,0.0,0.0,8473.0,222.0,0.0,0.0,8429.0,62.0,19.0,10.0,8451.0,143.0,0.0,0.0,8304.0,10.0,0.0,0.0,8347.0,0.0,0.0,0.0,8400.0,8300.0,,,,2.0,2.9000000000000004,,370.4,394.7,,282.3,173.0,,,,,,,,428.0,92.7,,,,,BOTTOM,DUO,,,,,,,
68,613531963,LA1,1538535888553,1715,420,11,11,8.19.246.5109,CLASSIC,MATCHED_GAME,100,False,True,True,True,False,True,False,11,0,0,2,0,0,0,5,59,4,11,GOLD,1401,3110,3742,3009,1011,1028,3364,8,8,11,4,2,1,619,1,0,0,0,0,95397,32629,52517,10251,0,11987,3366,7483,1138,5699,1,29949,4282,150,13,26,32977,10263,21034,1679,10562,10550,0,26,73,59,0,1047,14,0,0,4,2,False,False,False,False,False,False,0,0,0,0,0,0,0,0,0,0,0,0,0,0,8021.0,1207.0,0.0,0.0,9111.0,1320.0,380.0,0.0,9104.0,12.0,0.0,0.0,8014.0,253.0,0.0,0.0,8473.0,698.0,0.0,0.0,8444.0,1025.0,0.0,0.0,8000.0,8400.0,,,,1.5,0.5,,372.9,351.7999999999999,,330.5,358.1,,0.2999999999999998,0.0,,-104.3,74.29999999999998,,1217.1,632.7,,685.9000000000002,168.50000000000006,,JUNGLE,NONE,,,,,,,
64,614000753,LA1,1538687515811,1896,420,11,11,8.19.246.5109,CLASSIC,MATCHED_GAME,200,False,False,False,False,False,False,False,1,0,0,1,0,0,0,8,56,4,11,GOLD,1412,3156,3047,3071,0,0,3364,8,6,3,2,2,3,595,1,0,0,0,0,112816,2529,105974,4312,0,11623,784,9978,860,12144,1,16568,6560,0,13,129,28935,8585,19389,960,10721,10200,0,37,83,74,0,446,14,1,0,5,1,False,False,False,False,False,False,0,0,0,0,0,0,0,0,0,0,0,0,0,0,8021.0,2456.0,0.0,0.0,9111.0,510.0,220.0,0.0,9104.0,16.0,50.0,0.0,8014.0,327.0,0.0,0.0,8143.0,118.0,0.0,0.0,8135.0,1892.0,5.0,0.0,8000.0,8100.0,,,,0.8999999999999999,0.3,2.3,427.4,272.9,528.4000000000002,373.2000000000001,216.3,409.4,-0.2,0.2,0.09999999999999988,56.20000000000002,-42.500000000000014,81.50000000000007,1013.0,715.8,1107.6999999999996,200.7,259.40000000000003,67.9999999999999,JUNGLE,NONE,,,,,,,
10,657180433,LA1,1548491451539,1301,420,11,13,9.2.261.2172,CLASSIC,MATCHED_GAME,200,False,False,False,False,False,False,False,1,0,0,0,0,0,0,6,427,4,11,GOLD,1039,2031,3117,3174,3504,3801,3364,2,5,5,2,2,1,525,1,0,0,0,0,275481,3609,1658,270214,0,3157,2115,846,195,2427,4,5941,694,694,9,28,8943,4368,4325,250,6986,6450,0,6,84,62,17,120,11,0,0,4,1,False,False,False,False,,,0,0,0,0,0,0,0,0,0,0,0,0,0,0,8214.0,271.0,439.0,0.0,8275.0,3.0,0.0,0.0,8234.0,5984.0,0.0,0.0,8232.0,1.0,40.0,0.0,8321.0,2.0,0.0,0.0,8347.0,0.0,0.0,0.0,8200.0,8300.0,5008.0,5008.0,5001.0,0.4,0.2,,352.2,344.1,,272.0,335.9,,-1.1,-0.8,,-5.5,3.899999999999977,,718.5,175.8,,-198.0,-393.4,,JUNGLE,NONE,,,,,,,
20,652323829,LA1,1547334816744,197,420,11,12,9.1.257.7563,CLASSIC,MATCHED_GAME,200,False,False,False,False,False,False,False,0,0,0,0,0,0,0,10,18,4,7,GOLD,1055,2003,0,0,0,0,3340,0,1,0,0,0,0,184,0,0,0,0,0,3288,812,2476,0,0,386,42,344,0,167,2,248,0,0,0,0,946,373,500,72,860,500,0,10,0,0,0,0,2,0,0,0,0,False,False,,,,,0,0,0,0,0,0,0,0,0,0,0,0,0,0,8005.0,65.0,36.0,28.0,9111.0,0.0,0.0,0.0,9104.0,0.0,0.0,0.0,8014.0,8.0,0.0,0.0,8233.0,0.0,0.0,0.0,8236.0,0.0,0.0,0.0,8000.0,8200.0,5005.0,5008.0,5001.0,,,,,,,,,,,,,,,,,,,,,,NONE,DUO,,,,,,,
84,517857890,LA1,1516582178768,939,420,11,11,8.1.214.5847,CLASSIC,MATCHED_GAME,200,False,False,False,False,False,False,False,0,0,0,0,0,0,0,8,107,4,11,GOLD,1412,2031,0,1001,0,0,3340,1,3,1,0,1,0,640,0,0,0,0,0,40079,4153,32611,3314,165,2143,167,1771,204,3064,1,3937,0,0,5,2,9749,1636,7583,529,4211,3150,0,9,50,37,0,192,8,1,0,2,1,False,False,False,False,,,0,0,0,0,0,0,0,0,0,0,0,0,0,0,8128.0,98.0,0.0,0.0,8143.0,63.0,0.0,0.0,8138.0,2.0,0.0,0.0,8105.0,2.0,0.0,0.0,8233.0,5.0,30.0,0.0,8236.0,4.0,0.0,0.0,8100.0,8200.0,,,,,0.1,,,277.7,,,218.6,,,-0.2,,,-46.3,,,534.4,,,104.69999999999996,,JUNGLE,NONE,,,,,,,
39,646297303,LA1,1545879799033,1707,420,11,12,8.24.255.8524,CLASSIC,MATCHED_GAME,100,True,False,True,True,True,True,False,10,0,1,3,0,0,0,4,516,4,12,GOLD,1028,3025,3379,3111,1028,0,3340,6,1,17,6,1,1,196,0,0,0,0,0,82018,37840,34543,9634,0,10604,5612,4902,90,1910,1,37724,4917,1840,10,35,18114,8780,8970,364,9524,8950,1,111,0,0,0,481,15,0,0,5,1,False,False,False,False,False,True,0,0,0,0,0,0,0,0,0,0,0,0,0,0,8437.0,822.0,695.0,0.0,8446.0,978.0,0.0,0.0,8429.0,64.0,16.0,16.0,8451.0,166.0,0.0,0.0,8304.0,9.0,0.0,0.0,8352.0,60.0,300.0,0.0,8400.0,8300.0,5007.0,5002.0,5002.0,4.9,3.6,,516.3,407.9,,368.1,217.3,,-1.7000000000000002,-3.2,,41.299999999999976,-30.40000000000001,,633.1,406.1,,-0.8999999999999773,130.6,,TOP,SOLO,,,,,,,
65,613989404,LA1,1538686765316,204,420,11,11,8.19.246.5109,CLASSIC,MATCHED_GAME,100,True,False,False,False,False,False,False,0,0,0,0,0,0,0,5,56,4,11,GOLD,1041,2031,0,0,0,0,3340,1,0,0,0,1,0,0,0,0,0,0,0,10842,142,9432,1268,0,510,44,426,40,1204,1,700,0,0,0,1,1703,0,1703,0,1574,500,0,0,19,12,3,209,4,0,0,1,0,True,False,,,,,0,0,0,0,0,0,0,0,0,0,0,0,0,0,8021.0,89.0,0.0,0.0,9111.0,5.0,20.0,0.0,9104.0,0.0,0.0,0.0,8014.0,19.0,0.0,0.0,8143.0,0.0,0.0,0.0,8135.0,118.0,1.0,0.0,8000.0,8100.0,,,,,,,,,,,,,,,,,,,,,,,,,NONE,DUO,,,,,,,
67,613518923,LA1,1538538674216,198,420,11,11,8.19.246.5109,CLASSIC,MATCHED_GAME,100,False,True,False,False,False,False,False,0,0,0,0,0,0,0,3,56,4,11,GOLD,0,0,0,0,0,0,0,0,0,0,0,0,0,0,0,0,0,0,0,0,0,0,0,0,0,0,0,0,0,0,0,0,0,0,0,0,0,0,0,680,0,0,0,0,0,0,0,1,0,0,0,0,False,False,,,,,0,0,0,0,0,0,0,0,0,0,0,0,0,0,8021.0,0.0,0.0,0.0,9111.0,0.0,0.0,0.0,9104.0,0.0,0.0,0.0,8014.0,0.0,0.0,0.0,8143.0,0.0,0.0,0.0,8135.0,0.0,0.0,0.0,8000.0,8100.0,,,,,,,,,,,,,,,,,,,,,,,,,NONE,DUO,,,,,,,
8,657396599,LA1,1548537796538,1866,420,11,13,9.2.261.2172,CLASSIC,MATCHED_GAME,100,True,False,False,True,False,True,False,11,0,0,2,0,0,0,4,121,4,11,GOLD,0,2421,3147,1400,3111,1031,3364,6,6,5,3,2,1,754,1,0,0,0,0,103317,8257,86864,8194,0,14639,1362,12959,318,11825,1,13700,2251,1370,16,9,27806,6223,20648,934,9832,8250,0,20,94,72,10,627,13,1,0,7,3,False,False,False,False,False,False,0,0,0,0,0,0,0,0,0,0,0,0,0,0,8112.0,1040.0,0.0,0.0,8139.0,703.0,0.0,0.0,8136.0,3.0,120.0,0.0,8135.0,2621.0,5.0,0.0,8237.0,185.0,0.0,0.0,8234.0,4286.0,0.0,0.0,8100.0,8200.0,5008.0,5008.0,5001.0,0.8,0.2,0.5,374.7000000000001,284.0,282.0,344.7,255.5,244.9,-0.7999999999999999,0.1,-2.1,-61.0,17.299999999999972,-195.7,1076.5,671.2,881.5,-55.09999999999997,-51.30000000000001,-451.7000000000001,JUNGLE,NONE,,,,,,,
49,625404903,LA1,1541239057168,207,420,11,11,8.21.251.4430,CLASSIC,MATCHED_GAME,200,True,False,False,False,False,False,False,0,0,0,0,0,0,0,6,164,4,11,GOLD,1041,0,0,0,0,0,3340,0,0,0,0,0,0,0,0,0,0,0,0,7811,0,6454,1356,0,0,0,0,0,646,1,762,0,0,0,0,2008,0,2008,0,1090,500,0,0,15,15,0,141,3,0,0,0,0,False,False,,,,,0,0,0,0,0,0,0,0,0,0,0,0,0,0,8005.0,0.0,0.0,0.0,9111.0,0.0,0.0,0.0,9104.0,0.0,0.0,0.0,8014.0,0.0,0.0,0.0,8143.0,0.0,0.0,0.0,8105.0,2.0,0.0,0.0,8000.0,8100.0,,,,,,,,,,,,,,,,,,,,,,,,,NONE,DUO,,,,,,,
75,606448503,LA1,1537075835663,1797,420,11,11,8.18.244.9800,CLASSIC,MATCHED_GAME,100,False,True,False,False,False,False,False,2,0,0,0,0,0,0,3,516,4,12,GOLD,3751,3025,3111,1057,1054,3010,3363,1,5,5,0,1,0,650,0,0,0,0,0,90995,41090,47327,2578,0,17211,9123,8055,33,1606,1,24952,1740,1392,8,37,20040,3528,15188,1323,8360,7370,0,166,0,0,0,548,14,0,0,4,1,False,False,False,False,False,False,0,0,0,0,0,0,0,0,0,0,0,0,0,0,8437.0,705.0,718.0,0.0,8473.0,680.0,0.0,0.0,8444.0,1223.0,0.0,0.0,8453.0,235.0,720.0,0.0,8226.0,250.0,476.0,0.0,8210.0,0.0,0.0,0.0,8400.0,8200.0,,,,6.1,6.0,,514.6,399.1,,273.0,240.4,,0.4000000000000004,-0.10000000000000007,,-46.29999999999998,-32.19999999999999,,606.3,455.7,,-372.9,2.0,,TOP,SOLO,,,,,,,
6,660723224,LA1,1549159767581,1532,420,11,13,9.2.261.2172,CLASSIC,MATCHED_GAME,100,False,True,True,True,True,True,True,11,0,1,3,0,1,0,5,113,4,11,GOLD,2031,2420,3117,3083,1033,1401,3364,3,7,8,3,1,1,516,0,0,0,0,0,82552,28760,49583,4209,0,9654,4475,4807,371,5241,5,16327,2179,0,10,28,25868,5979,17098,2790,7984,7450,0,48,62,51,4,353,12,0,0,5,2,False,False,False,False,False,False,0,0,0,0,0,0,0,0,0,0,0,0,0,0,8439.0,707.0,0.0,0.0,8463.0,1454.0,0.0,0.0,8473.0,330.0,0.0,0.0,8453.0,556.0,89.0,0.0,8014.0,185.0,0.0,0.0,9104.0,17.0,20.0,0.0,8400.0,8000.0,5005.0,5008.0,5002.0,2.1,0.3,,436.2,264.0,,302.7,222.6,,-1.0000000000000002,0.09999999999999998,,-94.6,-87.0,,1001.1,693.6,,178.39999999999995,132.10000000000002,,JUNGLE,NONE,,,,,,,
69,606978137,LA1,1537151974285,1863,420,11,11,8.18.244.9800,CLASSIC,MATCHED_GAME,100,False,True,False,False,False,False,False,3,0,0,1,0,0,0,3,516,4,12,GOLD,3025,3083,1011,3047,1029,0,3340,2,7,3,0,1,0,462,0,0,0,0,0,96914,44891,52023,0,0,15109,9401,5707,0,1835,1,35087,1157,887,11,36,25474,8741,15299,1433,9185,8700,1,174,0,0,0,663,15,0,0,6,0,False,False,False,False,False,False,0,0,0,0,0,0,0,0,0,0,0,0,0,0,8437.0,858.0,673.0,0.0,8473.0,466.0,0.0,0.0,8444.0,1250.0,0.0,0.0,8453.0,321.0,964.0,0.0,8226.0,250.0,902.0,0.0,8210.0,0.0,0.0,0.0,8400.0,8200.0,,,,6.699999999999998,6.699999999999998,4.0,484.9,404.7,444.5,312.0,233.5,310.0,-2.5000000000000004,-1.4000000000000008,-1.1,-110.39999999999998,-93.29999999999998,-157.7,652.1,409.4,1124.2,-475.0,-145.29999999999995,-182.3,TOP,SOLO,,,,,,,
21,652319047,LA1,1547332906962,1212,420,11,12,9.1.257.7563,CLASSIC,MATCHED_GAME,200,True,False,True,True,False,True,True,9,0,0,2,0,1,0,7,22,4,7,GOLD,1055,3026,3085,3006,0,0,3340,5,2,2,3,2,2,766,1,0,0,0,0,59954,933,58351,669,222,7425,735,6690,0,1062,2,2510,8080,6408,9,26,7296,1297,5637,361,7955,7350,3,112,4,0,0,1158,10,0,0,2,2,False,False,False,False,False,True,0,0,0,0,0,0,0,0,0,0,0,0,0,0,8021.0,396.0,0.0,0.0,9111.0,311.0,140.0,0.0,9104.0,16.0,40.0,0.0,8014.0,170.0,0.0,0.0,8234.0,3038.0,0.0,0.0,8236.0,14.0,0.0,0.0,8000.0,8200.0,5005.0,5008.0,5001.0,5.5,5.7,,405.9,302.1,,447.3,295.8,,,,,,,,369.1,360.5,,,,,MIDDLE,DUO,,,,,,,
28,649513166,LA1,1546656750063,1662,420,11,12,8.24.255.8524,CLASSIC,MATCHED_GAME,100,False,True,True,True,True,True,True,11,0,1,3,0,1,0,5,98,4,12,GOLD,3068,3077,3047,3076,3082,0,3363,1,8,10,0,1,0,641,0,0,0,0,0,80044,37420,38574,4050,14,10905,6208,4696,0,1783,1,34353,830,830,6,17,25404,6932,14786,3684,7828,7875,0,145,0,0,0,213,14,0,0,3,1,False,False,False,False,False,False,0,0,0,0,0,0,0,0,0,0,0,0,0,0,8437.0,1146.0,871.0,0.0,8446.0,557.0,0.0,0.0,8429.0,63.0,20.0,11.0,8451.0,142.0,0.0,0.0,8304.0,9.0,3.0,0.0,8352.0,107.0,600.0,0.0,8400.0,8300.0,5008.0,5003.0,5003.0,5.2,6.1,,464.8,427.3,,318.7,231.5,,-2.5,-2.3999999999999995,,-5.199999999999988,-80.39999999999998,,907.8,476.1,,1.0,145.60000000000005,,TOP,SOLO,,,,,,,
70,606820613,LA1,1537135164629,1641,420,11,11,8.18.244.9800,CLASSIC,MATCHED_GAME,200,True,True,True,True,True,False,True,9,0,1,1,0,1,0,9,111,4,12,GOLD,2003,3068,3047,3110,3076,0,3363,4,2,17,2,1,1,802,0,0,0,0,0,99405,77531,20289,1584,17,18113,13624,4489,0,966,1,33175,5966,1754,10,63,14670,3209,9787,1673,10508,8475,0,150,4,0,4,994,15,1,0,5,0,False,False,False,True,False,False,0,0,0,0,0,0,0,0,0,0,0,0,0,0,8437.0,1244.0,983.0,0.0,8473.0,601.0,0.0,0.0,8444.0,855.0,0.0,0.0,8453.0,299.0,494.0,0.0,8226.0,250.0,856.0,0.0,8210.0,0.0,0.0,0.0,8400.0,8200.0,,,,6.5,6.5,,507.1,415.8,,376.2,280.0,,3.0,1.8000000000000005,,179.7,34.90000000000001,,353.1,438.5,,-616.3,-108.3,,TOP,SOLO,,,,,,,
90,482574305,LA1,1508627741274,2341,420,11,9,7.20.204.9809,CLASSIC,MATCHED_GAME,200,True,True,True,True,True,True,False,9,0,1,4,0,0,0,6,17,4,12,PLATINUM,1058,3151,3115,3020,3135,3285,3363,15,9,7,7,3,3,499,2,1,0,0,0,190086,142573,47065,448,0,46779,42418,4136,224,4958,1,17600,15398,8005,22,63,31354,9760,20737,856,17033,15175,3,222,1,0,1,654,18,1,0,9,5,False,False,False,False,False,True,0,0,0,0,0,0,0,0,0,0,0,0,0,0,,,,,,,,,,,,,,,,,,,,,,,,,,,,,,6.800000000000002,4.9,4.5,601.2,375.7000000000001,500.0,398.4,239.6,434.0,0.10000000000000007,0.2999999999999998,0.4999999999999998,-23.200000000000014,-98.79999999999998,139.7,794.9,427.9,993.2,-364.2000000000001,-222.5,-776.5,TOP,SOLO,9.6,705.8,539.8,939.6,3.0,195.99999999999997,-758.9999999999999
59,618268574,LA1,1539568523670,198,420,11,11,8.20.249.1952,CLASSIC,MATCHED_GAME,200,False,False,False,False,False,False,False,0,0,0,0,0,0,0,6,412,4,3,GOLD,0,0,0,0,0,0,0,0,0,0,0,0,0,0,0,0,0,0,0,0,0,0,0,0,0,0,0,0,0,0,0,0,0,0,0,0,0,0,0,680,0,0,0,0,0,0,0,1,0,0,0,0,False,False,,,,,0,0,0,0,0,0,0,0,0,0,0,0,0,0,8465.0,0.0,0.0,0.0,8473.0,0.0,0.0,0.0,8429.0,0.0,0.0,0.0,8451.0,0.0,0.0,0.0,8304.0,0.0,0.0,0.0,8347.0,0.0,0.0,0.0,8400.0,8300.0,,,,,,,,,,,,,,,,,,,,,,,,,NONE,DUO,,,,,,,
30,647310227,LA1,1546118599521,1192,420,11,12,8.24.255.8524,CLASSIC,MATCHED_GAME,100,False,False,False,False,False,False,False,0,0,0,0,0,0,0,2,59,4,11,GOLD,1400,2031,3111,1011,0,0,3340,2,4,0,0,1,0,569,0,0,0,0,0,63193,9682,48279,5232,0,3756,658,2873,224,4922,1,9340,3212,0,15,8,15586,2955,12583,48,5576,4950,0,2,71,44,13,470,9,1,0,7,1,False,False,False,False,False,False,0,0,0,0,0,0,0,0,0,0,0,0,0,0,8112.0,341.0,0.0,0.0,8139.0,261.0,0.0,0.0,8136.0,1.0,39.0,0.0,8135.0,671.0,2.0,0.0,8237.0,80.0,0.0,0.0,8234.0,1833.0,0.0,0.0,8100.0,8200.0,5008.0,5008.0,5001.0,,0.1,,,264.7,,,255.4,,,-0.5399999999999996,,,-39.38000000000002,,,587.3,,,20.959999999999965,,NONE,DUO_SUPPORT,,,,,,,
11,657158192,LA1,1548488547492,2363,420,11,13,9.2.261.2172,CLASSIC,MATCHED_GAME,100,False,True,True,False,False,False,True,4,0,1,1,0,1,0,1,516,4,12,GOLD,3379,3387,3083,3111,1029,3076,3340,4,5,13,2,2,1,984,1,0,0,0,0,118783,51659,61996,5128,15,18822,12158,6663,0,4500,1,58952,12402,3251,10,47,37871,16262,19399,2209,12032,11475,0,145,0,0,0,757,16,1,0,7,1,False,False,False,True,False,False,0,0,0,0,0,0,0,0,0,0,0,0,0,0,8437.0,1280.0,958.0,0.0,8446.0,1745.0,0.0,0.0,8429.0,74.0,22.0,17.0,8451.0,222.0,0.0,0.0,8304.0,9.0,3.0,0.0,8352.0,90.0,450.0,0.0,8400.0,8300.0,5008.0,5002.0,5001.0,5.1,5.4,1.8,441.6,421.0,387.4,415.7,218.6,193.6,,,,,,,677.6,487.8,1090.1,,,,TOP,SOLO,2.2,591.2,497.8,1551.4,,,
76,606442606,LA1,1537073540629,1795,420,11,11,8.18.244.9800,CLASSIC,MATCHED_GAME,100,False,False,False,False,False,False,True,2,0,0,1,0,1,0,3,150,4,3,GOLD,3156,1029,3111,3022,1028,1029,3363,6,4,3,6,1,1,1289,0,0,0,0,0,89495,6954,82541,0,0,14614,2010,12604,0,3253,1,22468,2485,2485,13,31,33492,16029,16599,863,9371,9275,0,157,0,0,0,650,15,3,0,6,1,False,False,False,False,False,False,0,0,0,0,0,0,0,0,0,0,0,0,0,0,8021.0,1295.0,0.0,0.0,9111.0,1190.0,180.0,0.0,9104.0,13.0,40.0,0.0,8014.0,320.0,0.0,0.0,8473.0,798.0,0.0,0.0,8444.0,2153.0,0.0,0.0,8000.0,8400.0,,,,7.7,6.3,,647.6,486.8,,385.4,310.2000000000001,,0.5000000000000004,-0.5,,207.80000000000004,49.69999999999999,,1074.5,548.3,,341.1,204.3,,TOP,SOLO,,,,,,,
78,593750907,LA1,1534035123123,200,420,11,11,8.15.239.9021,CLASSIC,MATCHED_GAME,100,True,False,False,False,False,False,False,0,0,0,0,0,0,0,4,68,4,12,GOLD,1028,2003,0,0,0,0,3340,0,0,0,0,0,0,0,0,0,0,0,0,6270,4110,2159,0,0,0,0,0,0,0,0,159,135,135,0,0,504,0,504,0,1060,500,0,19,0,0,0,18,3,0,0,0,0,False,False,,,,,0,0,0,0,0,0,0,0,0,0,0,0,0,0,8229.0,0.0,0.0,0.0,8224.0,0.0,0.0,0.0,8234.0,6.0,0.0,0.0,8237.0,0.0,0.0,0.0,8473.0,0.0,0.0,0.0,8444.0,0.0,0.0,0.0,8200.0,8400.0,,,,,,,,,,,,,,,,,,,,,,,,,NONE,DUO,,,,,,,
53,622709609,LA1,1540660075615,1980,420,11,11,8.21.250.9462,CLASSIC,MATCHED_GAME,200,False,True,True,False,False,False,False,3,0,0,1,0,0,0,9,412,4,3,GOLD,3069,3107,3190,3109,0,3117,3364,3,8,14,0,1,0,526,0,0,0,0,0,19125,16051,2619,454,0,11847,9736,1656,454,2349,3,22938,956,397,69,54,22575,12595,8016,1964,9334,8825,0,17,0,0,0,154,13,1,0,23,10,False,False,False,False,False,False,0,0,0,0,0,0,0,0,0,0,0,0,0,0,8465.0,2712.0,0.0,0.0,8473.0,487.0,0.0,0.0,8429.0,69.0,18.0,13.0,8451.0,165.0,0.0,0.0,8304.0,8.0,3.0,0.0,8347.0,0.0,0.0,0.0,8400.0,8300.0,,,,0.6,0.1,0.6,268.3,274.0,449.9,328.7000000000001,213.8,253.1,1.7999999999999998,0.9499999999999996,-1.3500000000000003,12.150000000000036,9.549999999999967,-140.7,754.3,287.6,870.4,162.34999999999997,16.89999999999999,14.449999999999877,BOTTOM,DUO_SUPPORT,,,,,,,
